Date,Accident_Index_x,Location_Easting_OSGR,Location_Northing_OSGR,Longitude,Latitude,Police_Force,Accident_Severity,Number_of_Vehicles,Number_of_Casualties,Day_of_Week,Time,Local_Authority_(District),Local_Authority_(Highway),1st_Road_Class,1st_Road_Number,Road_Type,Speed_limit,Junction_Detail,Junction_Control,2nd_Road_Class,2nd_Road_Number,Pedestrian_Crossing-Human_Control,Pedestrian_Crossing-Physical_Facilities,Light_Conditions,Weather_Conditions,Road_Surface_Conditions,Special_Conditions_at_Site,Carriageway_Hazards,Urban_or_Rural_Area,Did_Police_Officer_Attend_Scene_of_Accident,LSOA_of_Accident_Location,Accident_Index_y,Vehicle_Reference,Casualty_Reference,Casualty_Class,Sex_of_Casualty,Age_of_Casualty,Age_Band_of_Casualty,Casualty_Severity,Pedestrian_Location,Pedestrian_Movement,Car_Passenger,Bus_or_Coach_Passenger,Pedestrian_Road_Maintenance_Worker,Casualty_Type,Casualty_Home_Area_Type,city
2015-01-16,201550BU2C001,221121.0,105836.0,-4.541123,50.82436,50,3,2,1,6,08:11,596,E06000052,3,3073,6,30,3,4,3,3072,0,0,1,8,2,0,0,2,1,E01018938,2012360066813,1,1,1,1,47,8,3,0,0,0,0,0,9,1,
2015-01-16,2015350034515,514430.0,294970.0,-0.314171,52.540573,35,3,1,1,6,13:02,394,E06000031,6,0,6,30,0,-1,-1,0,0,0,1,1,2,0,0,1,1,E01015644,201220G004442,2,3,2,1,6,2,3,0,0,2,0,0,10,1,Peterborough
2015-01-16,2015440017364,454394.0,105407.0,-1.228768,50.845637,44,2,1,1,6,16:53,492,E10000014,4,3334,6,40,3,2,6,0,0,0,4,1,2,0,0,2,1,E01022781,201230C002626,2,1,1,1,33,6,3,0,0,0,0,0,1,1,
2015-01-16,2015440017186,444683.0,114307.0,-1.365606,50.926494,44,2,2,1,6,15:19,500,E06000045,6,0,6,30,8,4,6,0,0,0,1,1,1,0,0,1,1,E01017173,201230C002624,2,1,1,2,18,4,3,0,0,0,0,0,9,1,Southampton
2015-01-16,201550DE2V001,296628.0,91131.0,-3.465437,50.710592,50,3,3,2,6,08:45,581,E10000008,1,5,3,70,5,4,6,0,0,0,1,1,1,0,0,2,1,E01020035,2012360068329,1,4,2,2,50,8,3,0,0,1,0,0,9,-1,Exeter
2015-01-16,2015471500377,530793.0,103981.0,-0.144552,50.82061,47,3,1,1,6,17:50,565,E06000043,3,259,3,30,3,2,3,2010,0,5,4,1,2,0,0,1,1,E01016952,201234WN07932,1,1,3,1,46,8,3,5,3,0,0,0,0,1,Brighton
2015-01-16,201520G000955,391520.0,303350.0,-2.126715,52.62784,20,1,2,2,6,12:10,309,E08000031,3,449,3,40,1,4,6,0,0,4,1,1,2,4,0,1,1,E01010438,201211ND17222,2,1,1,2,44,7,3,0,0,0,0,0,9,3,Wolverhampton
2015-01-16,2015471500401,524168.0,106078.0,-0.237847,50.840916,47,2,1,1,6,17:00,557,E10000032,6,0,6,30,3,3,6,0,0,0,4,1,1,0,0,1,2,E01031352,201234WN09112,2,2,1,1,28,6,2,0,0,0,0,0,9,1,Adur
2015-01-16,201501QK50039,520510.0,187570.0,-0.262426,51.574126,1,3,2,1,6,20:39,28,E09000005,4,454,6,30,3,4,6,0,0,0,4,1,2,0,0,1,1,E01000623,201201MM70752,1,1,1,1,30,6,2,0,0,0,0,0,1,1,London
2015-01-16,201501YR90095,533780.0,189710.0,-0.070236,51.590366,1,3,1,1,6,13:55,31,E09000014,3,10,6,30,3,4,6,0,0,4,1,1,1,0,0,1,1,E01001979,201201TX20158,1,1,1,2,55,8,3,0,0,0,0,0,9,1,London
2015-01-16,201501YR90064,534520.0,189870.0,-0.059499,51.591628,1,3,2,3,6,09:44,31,E09000014,3,1055,6,40,0,-1,-1,0,0,0,1,1,1,0,0,1,1,E01002080,201201TX20141,1,2,2,1,12,3,3,0,0,2,0,0,9,1,London
2015-01-16,201560S007175,304229.0,373460.0,-3.436814,53.249483,60,3,2,1,6,10:30,723,W06000004,3,525,6,60,0,-1,-1,0,0,0,1,6,2,0,0,2,1,W01000245,201242I095904,1,1,1,1,24,5,3,0,0,0,0,0,9,1,St Asaph
2015-01-16,201560S007121,283238.0,379389.0,-3.753446,53.298546,60,3,2,1,6,08:32,721,W06000003,3,547,6,40,3,4,6,0,0,0,1,1,2,0,0,2,1,W01000167,201242I095704,1,2,2,2,87,11,3,0,0,1,0,0,9,1,
2015-01-16,2015471500370,521692.0,115272.0,-0.269937,50.92408,47,3,3,1,6,11:29,562,E10000032,4,2037,6,40,8,4,6,0,0,0,1,1,2,0,0,2,1,E01031641,201234WN07682,2,2,1,1,31,6,3,0,0,0,0,0,9,1,Horsham
2015-01-16,201501QK50090,525370.0,183120.0,-0.193918,51.533075,1,3,2,1,6,08:00,28,E09000005,5,0,6,30,3,4,6,0,0,1,1,8,1,0,0,1,2,E01000552,201201MM70792,1,2,2,2,19,4,3,0,0,2,0,0,9,-1,London
2015-01-16,201501QK50107,519200.0,188720.0,-0.280931,51.584739,1,3,2,1,6,16:10,28,E09000005,3,4006,6,30,1,4,3,4140,0,4,1,9,1,0,0,1,1,E01000543,201201MM70811,1,1,1,1,36,7,3,0,0,0,0,0,3,1,London
2015-01-16,201531D019615,450109.0,334466.0,-1.256425,52.905301,31,3,2,1,6,17:45,342,E10000024,6,0,6,30,3,4,6,0,0,0,4,9,5,0,0,1,1,E01028139,201214K071512,1,2,2,1,25,5,3,0,0,1,0,0,9,1,City of Nottingham
2015-01-16,201506P096677,387180.0,406840.0,-2.194999,53.558023,6,3,1,1,6,05:40,106,E08000005,3,664,6,30,6,2,3,6046,0,5,4,1,2,0,0,1,1,E01005528,201204CL12156,1,1,3,1,9,2,2,5,1,0,0,0,0,-1,
2015-01-16,201501YR90022,531010.0,189470.0,-0.110288,51.58886,1,3,2,1,6,21:10,31,E09000014,3,504,6,30,6,2,4,138,0,5,4,1,1,0,0,1,1,E01002003,201201TX20119,2,3,2,2,34,6,2,0,0,2,0,0,9,1,London
2015-01-16,2015170S10065,442990.0,520838.0,-1.336395,54.580927,17,2,2,3,6,09:55,245,E06000004,3,177,6,30,6,2,5,141,0,5,1,1,2,0,0,1,1,E01012248,2012100520712,2,4,2,1,34,6,3,0,0,0,4,0,11,1,
2015-01-16,2015450022306,498895.0,149679.0,-0.584771,51.237732,45,3,2,1,6,13:00,511,E10000030,5,146,6,30,3,4,6,0,0,0,1,1,1,0,0,1,1,E01030452,201231D046412,2,1,1,1,8,2,3,0,0,0,0,0,1,-1,
2015-01-16,2015450021842,517177.0,152073.0,-0.32222,51.255791,45,3,1,1,6,16:09,512,E10000030,4,2209,6,30,0,-1,-1,0,0,0,1,1,1,0,0,2,1,E01030556,201231C295412,2,1,1,1,23,5,3,0,0,0,0,0,9,1,Mole Valley
2015-01-16,2015450021839,490044.0,154487.0,-0.710311,51.282417,45,3,2,2,6,10:59,515,E10000030,6,3455,6,30,0,-1,-1,0,0,0,1,1,1,0,0,1,1,E01030783,201231C295412,1,2,2,1,20,4,3,0,0,1,0,0,9,-1,Surrey Heath
2015-01-16,2015450021838,483746.0,145664.0,-0.802652,51.204059,45,2,1,1,6,23:00,517,E10000030,6,5317,6,30,6,4,6,0,0,0,7,8,4,0,0,1,1,E01030887,201231C295312,1,2,2,2,20,4,3,0,0,1,0,0,9,1,Waverley
2015-01-16,201560S007105,327438.0,368651.0,-3.087955,53.209949,60,3,1,1,6,07:54,724,W06000005,4,5126,6,50,0,-1,-1,0,0,0,1,2,4,0,0,2,1,W01000277,201242I095704,1,1,1,2,64,9,3,0,0,0,0,0,9,1,
2015-01-16,2015471500367,505722.0,103260.0,-0.500537,50.819244,47,3,2,1,6,08:01,558,E10000032,3,259,1,50,1,4,4,2187,0,0,1,2,2,0,0,2,1,E01031389,201234WN07662,2,1,2,2,56,9,3,0,0,0,0,0,5,1,Arun
2015-01-16,2015471500362,479181.0,126659.0,-0.872148,51.033848,47,2,1,1,6,18:00,559,E10000032,4,2070,6,50,0,-1,-1,0,0,0,6,1,1,0,0,2,1,E01031520,201234WN07132,2,1,1,2,46,8,3,0,0,0,0,0,90,1,Chichester
2015-01-16,2015471500360,518208.0,104355.0,-0.32301,50.826675,47,3,1,1,6,13:56,557,E10000032,6,0,6,30,3,4,6,0,0,8,1,1,2,0,0,1,1,E01031342,201234WN07052,2,1,1,1,39,7,3,0,0,0,0,0,1,1,Adur
2015-01-16,2015160B00091,491380.0,409626.0,-0.621423,53.575284,16,3,3,4,6,08:03,232,E06000013,3,1029,6,40,3,4,6,0,0,0,1,1,2,0,0,2,1,E01013310,2012100090312,2,1,1,2,11,3,2,0,0,0,0,0,1,-1,
2015-01-16,2015160B00101,495998.0,401355.0,-0.554238,53.500141,16,3,2,3,6,17:07,232,E06000013,3,15,6,60,0,-1,-1,0,0,0,6,1,2,0,0,2,1,E01013329,2012100090412,1,1,3,1,12,3,3,5,1,0,0,0,0,1,West Lindsey
2015-01-16,201501RY10019,551590.0,177240.0,0.181305,51.473819,1,3,2,1,6,18:38,18,E09000004,3,206,1,30,1,4,6,0,0,0,1,1,1,0,0,1,1,E01000431,201201PY20291,1,1,1,1,18,4,3,0,0,0,0,0,9,1,London
2015-01-16,201501RY10014,546250.0,174590.0,0.103378,51.451412,1,3,2,1,6,19:52,18,E09000004,5,0,6,30,3,4,6,0,0,0,4,2,2,0,0,1,1,E01000413,201201PY20288,1,1,1,1,19,4,3,0,0,0,0,0,9,1,London
2015-01-16,2015471500303,512023.0,103981.0,-0.410904,50.824542,47,2,2,1,6,07:37,564,E10000032,6,0,1,30,1,4,6,0,0,4,1,2,2,0,0,1,1,E01031782,201234WN04032,1,1,3,1,-1,-1,3,5,1,0,0,0,0,-1,
2015-01-16,2015471500310,550278.0,121904.0,0.139246,50.976945,47,3,1,1,6,10:46,556,E10000011,6,0,6,60,0,-1,-1,0,0,0,1,1,2,0,0,2,1,E01021170,201234WN04342,2,1,1,2,41,7,3,0,0,0,0,0,9,2,Wealden
2015-01-16,2015471500315,534981.0,124977.0,-0.077371,51.008348,47,3,4,1,6,16:28,563,E10000032,4,2111,6,30,0,-1,-1,0,0,0,4,1,2,0,0,1,1,E01031772,201234WN04712,1,1,1,1,80,11,3,0,0,0,0,0,2,1,Mid Sussex
2015-01-16,2015471500321,492819.0,105835.0,-0.683002,50.844603,47,3,2,1,6,18:46,558,E10000032,4,2233,6,40,3,4,6,0,0,0,4,1,2,0,0,2,1,E01031396,201234WN05012,2,1,1,2,18,4,3,0,0,0,0,0,9,1,Chichester
2015-01-16,2015471500323,542279.0,104863.0,0.018748,50.825831,47,3,2,1,6,17:14,554,E10000011,5,7,6,50,0,-1,-1,0,0,0,6,1,2,0,0,2,1,E01021032,201234WN05042,2,1,1,1,38,7,3,0,0,0,0,0,9,1,Lewes
2015-01-16,2015471500324,530000.0,105952.0,-0.155106,50.838504,47,3,1,1,6,19:44,565,E06000043,6,0,6,30,8,4,6,0,0,5,4,1,2,0,0,1,1,E01016935,201234WN05082,1,1,1,1,55,8,3,0,0,0,0,0,9,1,Brighton
2015-01-16,2015471500325,510593.0,103005.0,-0.431492,50.816043,47,3,2,1,6,20:45,564,E10000032,3,259,1,40,1,4,3,259,0,4,4,1,2,0,0,1,1,E01031802,201234WN05192,2,1,1,1,20,4,3,0,0,0,0,0,9,1,
2015-01-16,2015471500327,484365.0,104722.0,-0.803306,50.83589,47,3,2,1,6,14:40,559,E10000032,6,0,6,30,3,4,6,0,0,0,1,1,1,0,0,1,1,E01031493,201234WN05322,2,1,1,1,28,6,3,0,0,0,0,0,9,-1,Chichester
2015-01-16,2015471500330,534724.0,108757.0,-0.087024,50.862634,47,3,1,1,6,05:49,565,E06000043,3,27,3,70,5,4,6,0,0,0,4,3,4,0,0,2,1,E01016914,201234WN05412,1,1,1,1,24,5,3,0,0,0,0,0,9,1,
2015-01-16,2015471500331,558767.0,102268.0,0.251544,50.798231,47,3,1,1,6,10:33,551,E10000011,6,0,6,30,3,4,6,0,0,0,1,2,2,0,0,1,1,E01020946,201234WN05422,2,1,1,1,53,8,3,0,0,0,0,0,9,1,Eastbourne
2015-01-16,2015471500333,510584.0,103017.0,-0.431617,50.816153,47,3,2,1,6,18:05,564,E10000032,3,259,1,30,1,4,3,259,0,0,4,1,2,0,0,1,2,E01031802,201234WN05702,1,1,3,2,28,6,3,6,9,0,0,0,0,1,
2015-01-16,2015331505022,443900.0,315390.0,-1.351291,52.734371,33,3,2,1,6,17:45,366,E10000018,6,7122,6,30,0,-1,-1,0,0,0,7,1,1,0,0,2,1,E01025967,2012160D06561,2,1,1,1,20,4,3,0,0,0,0,0,9,1,North West Leicestershire
2015-01-16,2015331505023,447950.0,311640.0,-1.291862,52.700319,33,3,2,1,6,17:15,361,E10000018,1,1,7,70,0,-1,-1,0,0,0,7,1,1,0,0,2,1,E01025871,2012160D06561,2,2,2,1,19,4,3,0,0,1,0,0,9,1,Hinckley and Bosworth
2015-01-16,2015471500339,591335.0,122573.0,0.723798,50.970788,47,3,2,1,6,07:20,555,E10000011,3,268,6,60,8,4,6,0,0,0,6,1,2,0,0,2,2,E01021116,201234WN06002,1,1,3,1,55,8,3,8,3,0,0,0,0,1,Rother
2015-01-16,2015471500345,592005.0,120351.0,0.732158,50.950607,47,3,1,1,6,18:45,555,E10000011,6,0,2,30,3,4,6,0,0,0,1,1,1,0,0,2,2,E01021117,201234WN06302,1,1,2,2,1,1,2,0,0,2,4,0,11,1,Rother
2015-01-16,2015471500348,525748.0,122423.0,-0.20979,50.987484,47,3,4,2,6,13:04,563,E10000032,3,272,6,40,8,4,6,0,0,0,1,1,2,0,0,2,1,E01031698,201234WN06502,2,1,2,1,1,1,3,0,0,2,0,0,9,2,Mid Sussex
2015-01-16,2015471500349,531327.0,104813.0,-0.136678,50.827967,47,3,2,1,6,21:40,565,E06000043,4,2119,2,20,3,4,6,0,0,0,4,1,1,0,0,1,2,E01016964,201234WN06512,2,1,1,2,-1,-1,3,0,0,0,0,0,1,1,Brighton
2015-01-16,2015450021835,519021.0,158088.0,-0.293806,51.309471,45,3,1,1,6,08:44,512,E10000030,6,2337,6,30,3,4,6,0,2,1,1,1,2,0,0,1,1,E01030508,201231C295212,1,1,3,1,23,5,2,1,3,0,0,0,0,-1,Mole Valley
2015-01-16,2015450021288,533386.0,155894.0,-0.088648,51.286572,45,3,2,1,6,16:50,516,E10000030,4,2030,6,30,0,-1,-1,0,0,0,4,1,1,0,0,1,2,E01030848,201231C249512,1,1,3,1,23,5,2,4,3,0,0,0,0,-1,
2015-01-16,2015450021828,536401.0,142373.0,-0.050581,51.16435,45,3,2,1,6,14:45,516,E10000030,3,22,1,50,1,4,4,2028,0,0,1,1,1,0,0,2,1,E01030816,201231C295112,2,3,2,2,-1,-1,3,0,0,2,0,0,9,-1,
2015-01-16,201501PL60067,538610.0,173670.0,-0.006861,51.445065,1,3,1,1,6,16:30,7,E09000023,3,205,6,30,0,-1,-1,0,0,0,4,1,1,0,0,1,2,E01003224,201201KG70153,2,1,1,1,30,6,3,0,0,0,0,0,5,1,London
2015-01-16,201542I014601,600387.0,225264.0,0.91061,51.889898,42,1,1,1,6,16:56,455,E10000012,6,0,6,30,3,4,6,0,0,0,4,1,1,0,0,1,1,E01021648,2012212005457,1,1,1,1,61,9,3,0,0,0,0,0,21,1,
2015-01-16,2015030000102,319270.0,471300.0,-3.236964,54.131183,3,3,3,3,6,09:20,61,E10000006,3,590,6,40,0,-1,-1,0,0,0,1,2,4,0,0,2,1,E01019165,201201WW50517,2,1,1,2,46,8,3,0,0,0,0,0,5,1,
2015-01-16,201501PL60045,539160.0,173690.0,0.001056,51.44511,1,3,3,1,6,17:15,7,E09000023,3,205,6,30,3,4,6,0,0,4,1,1,1,0,0,1,1,E01003220,201201KG70136,1,1,1,1,25,5,3,0,0,0,0,0,9,1,London
2015-01-16,2015030000108,306550.0,535340.0,-3.45176,54.704372,3,3,3,1,6,17:30,60,E10000006,3,594,6,30,6,4,6,0,0,0,4,1,2,0,0,2,2,E01019093,201201WW50522,1,2,3,2,68,10,2,5,1,0,0,2,0,1,Allerdale
2015-01-16,201534TM01155,476055.0,254332.0,-0.889059,52.182005,34,3,4,1,6,15:20,385,E10000021,1,1,3,70,0,-1,-1,0,0,0,1,1,1,0,0,2,1,E01032985,2012170L40532,1,1,1,2,21,5,3,0,0,0,0,0,9,2,
2015-01-16,2015030000112,307940.0,500380.0,-3.419248,54.390547,3,3,2,2,6,09:45,63,E10000006,3,595,6,60,0,-1,-1,0,0,0,1,3,3,0,0,2,2,E01019304,201201WW50526,1,1,1,1,43,7,2,0,0,0,0,0,4,1,Copeland
2015-01-16,201542I015901,574590.0,193325.0,0.520127,51.611683,42,3,1,1,6,18:07,450,E10000012,6,0,6,30,0,-1,-1,0,0,0,4,1,1,0,0,1,1,E01021331,2012212005490,1,1,3,1,6,2,3,5,1,0,0,0,0,1,
2015-01-16,2015030000123,337090.0,556480.0,-2.982507,54.899068,3,3,2,1,6,17:15,62,E10000006,6,0,6,30,0,-1,-1,0,0,0,4,1,1,0,0,2,2,E01019195,201201WW50528,1,2,2,2,48,8,3,0,0,1,0,0,9,1,Carlisle
2015-01-16,2015030000132,378220.0,515150.0,-2.33807,54.531154,3,3,1,1,6,12:45,64,E10000006,3,66,6,60,0,-1,-1,0,0,0,1,1,2,0,0,2,1,E01019309,201201WW50530,1,1,1,1,93,11,3,0,0,0,0,0,9,1,Eden
2015-01-16,201542I014201,624244.0,221251.0,1.254124,51.844798,42,3,2,1,6,16:49,461,E10000012,6,0,6,30,9,4,6,0,0,0,4,1,1,0,0,1,1,E01021994,2012212005450,2,1,1,1,73,10,2,0,0,0,0,0,5,1,
2015-01-16,2015030000142,349870.0,529360.0,-2.778551,54.656826,3,3,1,1,6,09:36,64,E10000006,6,0,6,60,0,-1,-1,0,0,0,1,3,4,0,0,2,1,E01019311,201201WW50533,1,1,1,2,51,8,3,0,0,0,0,0,9,1,Eden
2015-01-16,2015440016580,465067.0,100457.0,-1.078067,50.80003,44,3,2,1,6,06:10,498,E06000044,6,0,6,30,3,4,6,0,0,0,4,2,2,0,0,1,1,E01017031,201230C002617,2,2,1,1,31,6,1,0,0,0,0,0,19,-1,Portsmouth
2015-01-16,2015440016584,450238.0,95692.0,-1.289121,50.758656,44,3,2,1,6,06:52,505,E06000046,3,3021,1,30,1,4,6,0,0,0,4,1,2,0,0,1,1,E01017307,201230C002617,3,3,1,1,43,7,3,0,0,0,0,0,19,-1,
2015-01-16,2015440016597,464524.0,153466.0,-1.076346,51.276695,44,3,2,1,6,06:00,490,E10000014,3,339,1,30,1,2,6,0,0,5,7,1,1,0,0,1,2,E01022523,201230C002618,1,1,1,1,57,9,3,0,0,0,0,0,1,-1,Basingstoke and Deane
2015-01-16,2015440016642,434831.0,145923.0,-1.502742,51.211455,44,3,2,1,6,08:44,501,E10000014,6,0,6,30,3,4,6,0,0,0,1,1,1,0,0,1,2,E01023180,201230C002619,1,1,1,1,24,5,3,0,0,0,0,0,2,1,Test Valley
2015-01-16,2015440016760,466529.0,105609.0,-1.056392,50.846187,44,3,3,1,6,09:48,498,E06000044,6,0,6,30,3,4,6,0,0,0,1,1,2,0,0,1,1,E01017064,201230C002620,2,1,1,2,49,8,3,0,0,0,0,0,9,2,Portsmouth
2015-01-16,2015440016845,481657.0,160999.0,-0.829049,51.342222,44,3,1,1,6,09:00,494,E10000014,4,3272,6,30,8,4,6,0,0,4,1,1,2,0,0,1,2,E01022892,201230C002621,1,1,1,2,20,4,3,0,0,0,0,0,9,1,Hart
2015-01-16,2015440016946,458191.0,90617.0,-1.177179,50.712281,44,3,2,1,6,12:30,505,E06000046,6,0,6,30,0,-1,-1,0,0,0,1,1,2,0,0,2,1,E01017283,201230C002622,2,1,1,1,35,6,3,0,0,0,0,0,19,1,
2015-01-16,2015440017000,442451.0,111548.0,-1.397682,50.901853,44,3,2,1,6,12:16,500,E06000045,3,33,3,30,3,4,6,0,0,0,1,1,1,0,0,1,1,E01032745,201230C002623,1,1,1,1,27,6,3,0,0,0,0,0,9,1,Southampton
2015-01-16,2015440017070,446549.0,111519.0,-1.339412,50.901278,44,3,1,1,6,14:00,500,E06000045,6,0,6,30,3,4,6,0,0,0,1,1,2,0,0,1,1,E01017169,201230C002623,1,2,2,2,50,8,3,0,0,1,0,0,9,1,Southampton
2015-01-16,2015030000145,343290.0,527340.0,-2.880139,54.637976,3,3,2,1,6,07:55,64,E10000006,3,66,6,60,0,-1,-1,0,0,0,1,3,4,0,0,2,1,E01019339,201201WW50534,1,1,1,1,24,5,2,0,0,0,0,0,1,1,Eden
2015-01-16,201542I014101,621167.0,219129.0,1.208173,51.826976,42,3,2,1,6,17:30,461,E10000012,4,1032,1,30,1,4,6,0,0,0,4,1,2,0,0,1,1,E01022011,2012212005449,2,1,1,1,17,4,3,0,0,0,0,0,3,1,
2015-01-16,201542I013901,594753.0,225066.0,0.828734,51.890115,42,3,2,1,6,16:20,455,E10000012,3,12,1,70,1,4,3,1124,0,0,1,1,1,0,0,2,1,E01021718,2012212005447,1,1,1,2,47,8,3,0,0,0,0,0,9,1,
2015-01-16,201542I013801,574708.0,193596.0,0.521964,51.61408,42,3,2,1,6,05:55,450,E10000012,6,0,1,30,2,4,6,0,0,0,4,1,1,0,0,1,1,E01021336,2012212005446,1,1,3,2,52,8,3,9,5,0,0,2,0,1,
2015-01-16,2015450021824,501485.0,163530.0,-0.543749,51.361782,45,3,2,1,6,23:10,514,E10000030,3,319,6,60,0,-1,-1,0,0,0,6,1,1,0,2,2,1,E01030679,201231C295112,2,1,1,2,32,6,3,0,0,0,0,0,9,1,Runnymede
2015-01-16,2015450021820,503032.0,166185.0,-0.520768,51.385369,45,3,2,1,6,11:55,514,E10000030,1,25,3,70,0,-1,-1,0,0,0,1,1,1,0,0,2,1,E01030677,201231C294512,2,1,1,1,10,2,2,0,0,0,0,0,1,1,Runnymede
2015-01-16,201504WA15029,330750.0,435090.0,-3.053075,53.807472,4,3,2,1,6,16:46,71,E06000009,6,0,6,30,6,4,6,0,0,0,4,1,1,0,0,1,1,E01012672,201201YR90205,1,2,2,1,17,4,3,0,0,1,0,0,9,1,
2015-01-16,201504WA15028,330670.0,435440.0,-3.054368,53.810606,4,3,2,1,6,19:40,71,E06000009,6,0,6,30,6,4,6,0,0,0,4,4,2,0,0,1,1,E01012672,201201YR90205,1,1,2,1,30,6,3,0,0,2,0,0,9,1,
2015-01-16,201501HT20029,537060.0,182750.0,-0.025628,51.527036,1,3,2,1,6,17:06,5,E09000030,3,11,6,30,3,4,6,0,0,0,4,2,2,0,0,1,1,E01004267,201201EK40683,2,1,2,1,22,5,3,0,0,1,0,0,9,1,London
2015-01-16,201501HT20030,536400.0,182500.0,-0.035233,51.524949,1,3,2,2,6,16:45,5,E09000030,3,11,6,30,6,2,3,1205,0,5,1,1,1,0,0,1,1,E01004232,201201EK40684,2,1,1,1,34,6,3,0,0,0,0,0,3,1,London
2015-01-16,201504WA15021,335540.0,435070.0,-2.980344,53.807908,4,3,1,1,6,14:15,74,E10000017,6,0,6,60,0,-1,-1,0,0,0,1,4,2,0,0,2,1,E01025027,201201YR90198,1,1,2,1,3,1,3,0,0,0,3,0,11,-1,Fylde
2015-01-16,201542I012001,553568.0,237891.0,0.23652,52.018194,42,3,3,2,6,07:45,463,E10000012,4,1383,6,60,3,4,6,0,0,0,1,1,1,0,0,1,1,E01022075,2012212005424,2,1,1,2,43,7,3,0,0,0,0,0,9,1,Uttlesford
2015-01-16,201542I012201,561942.0,185950.0,0.334229,51.549204,42,2,1,2,6,20:00,462,E06000034,6,0,6,60,0,-1,-1,0,0,0,6,1,2,0,0,2,1,E01015978,2012212005426,2,1,1,2,48,8,3,0,0,0,0,0,9,1,
2015-01-16,201542I012301,567176.0,184992.0,0.409192,51.539073,42,3,2,2,6,16:00,462,E06000034,4,1007,6,60,0,-1,-1,0,0,0,1,8,2,0,0,2,1,E01015978,2012212005427,1,1,3,1,11,3,3,6,9,0,0,0,0,1,
2015-01-16,201542I012501,563260.0,195347.0,0.357589,51.633245,42,3,2,1,6,16:05,452,E10000012,6,0,6,30,0,-1,-1,0,0,0,1,8,2,0,0,1,1,E01021450,2012212005429,2,1,1,1,33,6,3,0,0,0,0,0,9,1,Brentwood
2015-01-16,201542I012601,576291.0,188314.0,0.542153,51.566142,42,3,2,1,6,07:30,450,E10000012,6,0,1,30,1,4,6,0,0,0,1,2,2,0,0,2,2,E01021312,2012212005431,2,1,2,2,35,6,3,0,0,2,0,0,9,1,
2015-01-16,201542I012701,588521.0,188184.0,0.718332,51.561022,42,3,2,1,6,16:27,460,E06000033,6,0,6,40,1,4,6,0,0,0,1,1,1,0,0,2,2,E01015874,2012212005434,2,1,2,1,25,5,3,0,0,1,0,0,9,1,
2015-01-16,201501HT20057,534570.0,183220.0,-0.061321,51.531858,1,3,2,1,6,17:20,5,E09000030,3,1208,6,30,6,4,5,0,0,0,4,1,1,0,0,1,1,E01004200,201201EK40701,2,2,2,2,46,8,3,0,0,0,0,0,19,1,London
2015-01-16,201542I012801,577651.0,192481.0,0.563861,51.603145,42,2,2,2,6,20:40,459,E10000012,3,129,6,60,0,-1,-1,0,0,0,6,1,1,0,0,2,1,E01021920,2012212005435,2,1,1,1,21,5,3,0,0,0,0,0,3,3,
2015-01-16,201501EO40101,531980.0,183960.0,-0.098361,51.539119,1,3,2,1,6,17:46,3,E09000019,3,104,6,30,0,-1,-1,0,0,0,4,1,1,0,0,1,1,E01002797,201201CW10126,2,1,1,1,55,8,3,0,0,0,0,0,4,1,London
2015-01-16,201501HT20066,536470.0,182300.0,-0.034302,51.523135,1,2,2,1,6,19:30,5,E09000030,3,1205,6,30,3,4,6,0,0,1,4,1,1,0,0,1,2,E01004270,201201EK40705,2,2,2,1,25,5,3,0,0,2,0,0,9,1,London
2015-01-16,201542I012901,587680.0,190527.0,0.707465,51.582345,42,3,2,1,6,20:48,459,E10000012,6,0,2,30,0,-1,-1,0,0,0,4,8,2,0,0,1,2,E01021955,2012212005436,1,1,3,1,10,2,3,5,3,0,0,0,0,1,
2015-01-16,201542I013501,563640.0,198213.0,0.364414,51.658881,42,3,2,1,6,17:42,452,E10000012,3,12,3,70,0,-1,-1,0,0,0,6,1,1,0,0,2,1,E01021460,2012212005441,2,1,1,2,36,7,3,0,0,0,0,0,9,2,Brentwood
2015-01-16,201542I013601,579413.0,200677.0,0.593474,51.676204,42,2,1,1,6,07:50,454,E10000012,4,1418,6,40,3,4,6,0,0,0,1,1,1,0,0,2,1,E01021535,2012212005443,2,1,1,1,24,5,3,0,0,0,0,0,5,1,Chelmsford
2015-01-16,201542I013701,576283.0,188880.0,0.542321,51.571229,42,2,2,1,6,13:55,450,E10000012,3,130,3,70,0,-1,-1,0,0,0,1,1,1,0,0,2,1,E01021312,2012212005445,2,1,1,2,8,2,3,0,0,0,0,0,1,1,