Date,Accident_Index_x,Location_Easting_OSGR,Location_Northing_OSGR,Longitude,Latitude,Police_Force,Accident_Severity,Number_of_Vehicles,Number_of_Casualties,Day_of_Week,Time,Local_Authority_(District),Local_Authority_(Highway),1st_Road_Class,1st_Road_Number,Road_Type,Speed_limit,Junction_Detail,Junction_Control,2nd_Road_Class,2nd_Road_Number,Pedestrian_Crossing-Human_Control,Pedestrian_Crossing-Physical_Facilities,Light_Conditions,Weather_Conditions,Road_Surface_Conditions,Special_Conditions_at_Site,Carriageway_Hazards,Urban_or_Rural_Area,Did_Police_Officer_Attend_Scene_of_Accident,LSOA_of_Accident_Location,Accident_Index_y,Vehicle_Reference,Casualty_Reference,Casualty_Class,Sex_of_Casualty,Age_of_Casualty,Age_Band_of_Casualty,Casualty_Severity,Pedestrian_Location,Pedestrian_Movement,Car_Passenger,Bus_or_Coach_Passenger,Pedestrian_Road_Maintenance_Worker,Casualty_Type,Casualty_Home_Area_Type,city
2015-01-16,2015450021825,516073.0,166301.0,-0.333405,51.383897,45,3,3,4,6,14:17,510,E10000030,3,307,6,30,3,4,6,0,0,0,1,1,1,0,0,1,1,E01030353,201231C295112,2,2,2,2,-1,-1,3,0,0,2,0,0,9,-1,Elmbridge
2015-01-16,201560S007171,286270.0,378710.0,-3.707731,53.293106,60,3,2,1,6,10:21,721,W06000003,4,5383,7,30,5,4,3,55,0,0,1,2,2,0,0,2,1,W01000144,201242I095804,2,1,1,1,64,9,3,0,0,0,0,0,9,1,
2015-01-16,201501WW50072,522140.0,174290.0,-0.243514,51.454425,1,3,1,1,6,12:30,10,E09000032,3,306,6,30,0,-1,-1,0,0,0,1,1,1,0,0,1,2,E01004568,201201SX20722,1,1,1,1,25,5,3,0,0,0,0,0,9,1,London
2015-01-16,201563DP00715,301590.0,228470.0,-3.433172,51.945992,63,3,1,1,6,12:39,753,W06000023,3,40,6,60,0,-1,-1,0,0,0,1,1,2,0,0,2,1,W01001897,201243N182062,2,1,2,2,22,5,3,0,0,1,0,0,9,1,
2015-01-16,20151321G0989,415384.0,419157.0,-1.768635,53.668667,13,3,2,1,6,16:30,203,E08000034,6,0,6,30,0,-1,-1,0,0,0,4,1,1,0,0,1,1,E01011106,201206G057587,1,1,3,1,11,3,3,5,4,0,0,0,0,1,Kirklees
2015-01-16,2015460252009,553940.0,172890.0,0.213224,51.434101,46,3,3,1,6,15:51,532,E10000016,5,368,2,30,0,-1,-1,0,0,0,4,2,2,0,0,1,1,E01024168,201232N158712,1,1,1,2,33,6,3,0,0,0,0,0,9,-1,Dartford
2015-01-16,201501PY20114,536520.0,169540.0,-0.038506,51.408459,1,3,2,2,6,18:45,19,E09000006,3,234,6,30,3,4,6,0,0,0,4,1,1,0,0,1,1,E01000703,201201LX50547,1,1,3,2,1,1,3,4,3,0,0,2,0,1,London
2015-01-16,2015100055115,409340.0,608140.0,-1.854196,55.36717,10,3,1,1,6,13:17,139,E06000048,3,697,6,60,0,-1,-1,0,0,0,1,4,1,0,0,2,1,E01027365,201205AA02181,1,3,2,1,28,6,3,0,0,2,0,0,9,1,
2015-01-16,201501XD80037,516170.0,182380.0,-0.326736,51.528391,1,3,1,1,6,16:25,27,E09000009,4,455,6,30,0,-1,-1,0,0,4,1,1,1,0,0,1,1,E01001210,201201TA00571,1,1,1,1,38,7,3,0,0,0,0,0,19,-1,London
2015-01-16,201543R121015,500446.0,177604.0,-0.554682,51.488474,43,3,2,1,6,15:55,474,E06000040,1,4,3,70,0,-1,-1,0,0,0,1,1,2,0,0,2,1,E01016564,2012233124812,2,7,2,2,39,7,3,0,0,1,0,0,9,3,
2015-01-16,20151321G1108,431142.0,430087.0,-1.529044,53.766206,13,2,1,1,6,17:32,204,E08000035,6,0,6,30,0,-1,-1,0,0,0,4,1,2,0,0,1,1,E01011472,201206G057691,1,1,3,2,5,1,3,5,3,0,0,0,0,1,Leeds
2015-01-16,20151321G1192,434669.0,421642.0,-1.476484,53.690083,13,3,1,1,6,17:30,206,E08000036,6,0,6,30,0,-1,-1,0,0,0,4,1,1,0,0,1,2,E01011911,201206G057711,1,1,3,2,50,8,2,10,9,0,0,0,0,1,Wakefield
2015-01-16,20151321G0798,414861.0,416203.0,-1.776691,53.642131,13,3,3,1,6,15:00,203,E08000034,6,0,6,30,0,-1,-1,0,0,1,1,1,2,0,0,1,1,E01011229,201206G057581,1,1,1,2,33,6,3,0,0,0,0,0,9,1,Kirklees
2015-01-16,201550JO3C002,254793.0,91808.0,-4.05787,50.707725,50,3,2,1,6,15:54,589,E10000008,3,30,3,70,0,-1,-1,0,0,0,1,1,1,0,0,2,1,E01020314,2012370312912,1,2,2,2,12,3,3,0,0,0,0,0,20,1,West Devon
2015-01-16,201501ZD30019,532540.0,163990.0,-0.097765,51.359526,1,3,1,1,6,07:44,20,E09000008,5,0,6,30,3,4,3,235,0,0,1,2,2,0,0,1,2,E01001037,201201VK30163,1,2,2,2,14,3,3,0,0,1,0,0,9,1,London
2015-01-16,201537EA87235,602801.0,242398.0,0.955751,52.042869,37,2,1,1,6,08:30,410,E10000029,6,0,6,30,0,-1,-1,0,0,0,1,1,1,0,0,2,1,E01029896,201220N031442,3,2,1,1,46,8,3,0,0,0,0,0,9,1,Babergh
2015-01-16,2015460252087,613880.0,162640.0,1.068224,51.322635,46,3,1,1,6,18:15,531,E10000016,5,192,6,60,3,4,6,0,0,0,6,1,2,0,0,2,1,E01032809,201232N169212,1,1,1,1,53,8,3,0,0,0,0,0,9,1,Canterbury
2015-01-16,201504EF15017,386920.0,422900.0,-2.199605,53.702366,4,3,2,4,6,20:48,82,E10000017,6,0,6,30,3,4,6,0,0,0,4,1,3,0,0,1,1,E01025369,201201XH30191,1,1,3,1,8,2,3,5,2,0,0,2,0,1,Rossendale
2015-01-16,201501ZD30020,534740.0,166720.0,-0.065152,51.383542,1,3,2,1,6,08:15,20,E09000008,3,222,6,30,3,2,3,215,0,0,1,1,2,0,0,1,1,E01000992,201201VK30165,3,1,1,1,46,8,3,0,0,0,0,0,9,1,London
2015-01-16,2015460253752,578590.0,143430.0,0.552762,51.162241,46,3,2,1,6,17:15,536,E10000016,3,229,6,30,0,-1,-1,0,0,0,1,1,2,0,0,2,1,E01024409,201232N405112,1,1,3,2,86,11,3,10,9,0,0,0,0,1,
2015-01-16,201550KC5F001,269042.0,113674.0,-3.863995,50.907639,50,3,1,1,6,22:19,586,E10000008,4,3096,6,30,0,-1,-1,0,0,0,6,1,4,0,0,2,1,E01020073,2012370372112,1,2,2,2,19,4,3,0,0,1,0,0,9,3,Mid Devon
2015-01-16,2015320002806,532266.0,388453.0,-0.013202,53.376382,32,3,6,5,6,15:16,351,E10000019,3,16,6,60,0,-1,-1,0,0,0,1,1,2,0,0,2,1,E01026077,201214K210712,2,1,1,1,32,6,2,0,0,0,0,0,1,1,East Lindsey
2015-01-16,2015460252142,638060.0,169060.0,1.418917,51.370664,46,2,1,1,6,08:22,541,E10000016,4,2053,6,30,3,4,6,0,0,0,1,1,1,0,0,1,1,E01024634,201232N178212,2,1,1,1,23,5,3,0,0,0,0,0,10,1,Thanet
2015-01-16,201514A008515,454288.0,413910.0,-1.180769,53.618927,14,3,2,1,6,18:30,211,E08000017,6,0,6,30,0,-1,-1,0,0,0,4,1,1,0,0,2,1,E01007490,2012070098163,1,3,2,2,6,2,3,0,0,2,0,0,9,1,Doncaster
2015-01-16,20151321L0515,403793.0,445040.0,-1.943759,53.901513,13,3,2,2,6,12:30,200,E08000032,3,6034,1,40,1,4,3,629,0,0,1,1,1,0,0,2,2,E01010645,201206G058986,1,1,1,1,32,6,3,0,0,0,0,0,9,1,Bradford
2015-01-16,2015460252039,619820.0,136760.0,1.137498,51.088013,46,3,3,1,6,10:19,539,E10000016,6,3901,6,30,3,4,6,0,0,0,1,2,2,0,0,1,1,E01024491,201232N162312,1,1,1,2,52,8,3,0,0,0,0,0,9,1,Folkestone and Hythe
2015-01-16,20151321G0539,427798.0,426248.0,-1.580117,53.73189,13,3,5,5,6,12:05,204,E08000035,3,650,3,40,0,-1,-1,0,0,0,1,3,3,0,0,1,1,E01011550,201206G057229,1,1,3,2,37,7,3,10,1,0,0,2,0,1,
2015-01-16,201543S090015,489643.0,245123.0,-0.692802,52.097196,43,3,2,1,6,05:50,479,E06000042,3,509,3,70,0,-1,-1,0,0,0,6,1,1,0,0,2,1,E01016801,201230B001904,2,2,1,1,19,4,3,0,0,0,0,0,4,-1,
2015-01-16,20151321G0572,424988.0,410495.0,-1.623971,53.590444,13,3,2,2,6,12:00,203,E08000034,3,636,6,40,0,-1,-1,0,0,0,1,1,2,0,0,2,2,E01011110,201206G057506,1,1,1,1,43,7,3,0,0,0,0,0,9,1,Kirklees
2015-01-16,20151321G0667,415311.0,433566.0,-1.769032,53.798177,13,2,1,1,6,13:30,200,E08000032,6,0,6,30,3,4,6,0,0,0,1,1,1,0,0,1,1,E01010842,201206G057522,2,1,3,2,84,11,3,10,9,0,0,0,0,1,Bradford
2015-01-16,2015460252059,601080.0,156840.0,0.88151,51.275215,46,3,2,1,6,11:47,540,E10000016,3,251,6,60,0,-1,-1,0,0,0,1,1,2,0,0,2,1,E01024555,201232N163312,2,1,1,1,51,8,3,0,0,0,0,0,9,-1,Swale
2015-01-16,201501FH10021,523810.0,179910.0,-0.217523,51.504571,1,3,2,1,6,08:10,11,E09000013,3,3220,1,30,1,2,3,402,0,5,1,1,1,0,0,1,1,E01001943,201201CW10985,2,1,1,1,31,6,3,0,0,0,0,0,1,1,London
2015-01-16,2015051500157,333680.0,417443.0,-3.004799,53.649266,5,3,2,1,6,21:03,93,E08000014,3,565,6,30,0,-1,-1,0,0,5,4,4,2,0,0,1,1,E01033094,201201ZD30718,1,1,1,2,69,10,3,0,0,0,0,0,9,1,
2015-01-16,201511SA00985,420901.0,529258.0,-1.677538,54.657984,11,2,2,3,6,19:45,169,E06000047,6,0,6,30,3,4,5,130,0,8,4,1,2,0,0,1,1,E01020868,201205EE06263,1,1,3,2,38,7,3,5,9,0,0,0,0,1,
2015-01-16,2015051500158,336294.0,388785.0,-2.959421,53.392039,5,3,2,2,6,15:30,91,E08000012,4,5174,3,30,6,4,6,0,0,0,1,1,1,0,0,1,1,E01006673,201201ZD30719,1,1,1,1,22,5,3,0,0,0,0,0,2,1,Liverpool
2015-01-16,201520M003925,431920.0,282870.0,-1.531828,52.44287,20,3,2,1,6,17:20,302,E08000026,6,0,6,30,3,4,6,0,0,0,4,1,1,0,0,1,1,E01009594,2012120013737,1,1,3,2,11,3,3,4,1,0,0,0,0,1,Coventry
2015-01-16,2015331500029,458193.0,300231.0,-1.142309,52.596766,33,3,2,1,6,22:50,364,E06000016,3,563,3,30,1,2,5,1765,0,4,4,1,2,0,0,1,2,E01013610,2012160B05101,1,1,1,2,26,6,3,0,0,0,0,0,9,2,Leicester
2015-01-16,201501FH10027,522300.0,180410.0,-0.239095,51.509393,1,3,2,1,6,14:40,11,E09000013,6,0,6,30,3,4,6,0,0,0,1,1,1,0,0,1,1,E01001954,201201CW10990,2,1,1,1,25,5,3,0,0,0,0,0,1,1,London
2015-01-16,2015051500159,337818.0,393706.0,-2.93748,53.436448,5,3,2,2,6,19:00,91,E08000012,6,0,6,20,6,4,6,0,0,0,4,1,2,0,0,1,1,E01006606,201201ZD30721,2,1,1,2,64,9,3,0,0,0,0,0,9,1,Liverpool
2015-01-16,201543R119015,487150.0,168702.0,-0.748319,51.410653,43,3,2,1,6,20:23,470,E06000036,6,7002,6,30,0,-1,-1,0,0,0,4,1,1,0,0,1,1,E01016249,2012233122512,2,2,1,2,22,5,2,0,0,0,0,0,9,1,
2015-01-16,201543R120015,495882.0,176600.0,-0.620668,51.48024,43,3,2,1,6,13:25,474,E06000040,6,7409,6,30,0,-1,-1,0,0,0,1,1,1,0,0,1,1,E01016545,2012233124812,1,1,1,1,26,6,3,0,0,0,0,0,9,1,
2015-01-16,20151321G0741,442529.0,421840.0,-1.357441,53.691283,13,3,2,1,6,08:05,206,E08000036,6,0,6,30,0,-1,-1,0,0,0,1,1,1,0,0,1,2,E01011777,201206G057561,1,1,1,1,43,7,3,0,0,0,0,0,3,1,Wakefield
2015-01-16,2015051500161,346804.0,392913.0,-2.802097,53.430306,5,3,2,6,6,20:48,90,E08000011,3,58,6,30,6,2,3,57,0,0,4,1,1,0,0,1,1,E01006463,201201ZD30723,2,1,1,1,38,7,3,0,0,0,0,0,1,1,Knowsley
2015-01-16,201514A012515,457941.0,403188.0,-1.127537,53.522176,14,3,1,1,6,16:15,211,E08000017,5,445,6,30,0,-1,-1,0,0,4,1,1,1,0,0,1,1,E01007645,2012070099095,3,2,1,1,25,5,3,0,0,0,0,0,19,1,Doncaster
2015-01-16,2015051500168,339761.0,391781.0,-2.907868,53.419373,5,3,1,1,6,16:30,91,E08000012,6,0,6,40,3,2,3,5058,0,5,1,1,1,0,0,1,2,E01006621,201201ZD30729,2,1,1,2,35,6,3,0,0,0,0,0,9,1,Liverpool
2015-01-16,20151321G1200,431281.0,417478.0,-1.528205,53.652871,13,3,3,2,6,17:15,206,E08000036,1,1,3,70,0,-1,-1,0,0,0,4,1,2,0,0,2,1,E01011929,201206G057740,2,1,1,1,16,4,3,0,0,0,0,0,2,1,Wakefield
2015-01-16,2015460251999,561220.0,142260.0,0.304044,51.156884,46,3,2,1,6,17:50,543,E10000016,3,21,6,60,0,-1,-1,0,0,0,1,8,2,0,0,2,1,E01024825,201232N154712,2,1,1,2,72,10,3,0,0,0,0,0,9,2,Tunbridge Wells
2015-01-16,201543P203015,444577.0,240886.0,-1.351161,52.064562,43,3,2,1,6,23:01,481,E10000025,6,120,6,30,3,4,6,0,0,0,4,1,1,0,0,1,1,E01028447,2012231109312,2,1,2,1,67,10,3,0,0,1,0,0,9,-1,Cherwell
2015-01-16,2015051500189,337792.0,395271.0,-2.938182,53.45051,5,3,2,3,6,16:45,91,E08000012,6,0,6,30,0,-1,-1,0,0,0,4,1,1,0,0,1,2,E01032510,201201ZD30740,1,1,2,2,65,9,3,0,0,2,0,0,9,1,Liverpool
2015-01-16,201520K004445,402600.0,287700.0,-1.96314,52.487211,20,3,1,1,6,16:50,305,E08000028,4,4125,6,30,3,4,6,0,0,0,4,1,1,0,0,1,2,E01010060,201211SJ08392,1,2,2,2,50,8,3,0,0,1,0,0,9,1,Sandwell
2015-01-16,201543R260015,487181.0,173955.0,-0.746582,51.45787,43,3,2,1,6,07:53,470,E06000036,3,3095,6,60,0,-1,-1,0,0,0,1,1,1,0,0,2,1,E01016186,201230B000032,2,3,2,2,72,10,2,0,0,1,0,0,9,1,
2015-01-16,201501ZD30039,535490.0,162560.0,-0.055965,51.34598,1,3,1,1,6,08:45,20,E09000008,6,0,6,30,0,-1,-1,0,0,0,1,1,1,0,0,1,1,E01001120,201201VK30176,1,2,3,1,18,4,3,5,1,0,0,2,0,-1,London
2015-01-16,201543R259015,502708.0,178183.0,-0.521946,51.493272,43,3,5,1,6,13:40,473,E06000039,1,4,3,70,0,-1,-1,0,0,0,1,1,1,0,0,2,1,E01016481,201230B000030,2,1,1,1,19,4,3,0,0,0,0,0,9,3,
2015-01-16,201501ZD30042,532020.0,166690.0,-0.104227,51.383911,1,3,1,1,6,15:15,20,E09000008,3,213,6,30,3,4,3,222,0,0,1,1,2,0,0,1,1,E01001115,201201VK30178,1,1,1,1,63,9,2,0,0,0,0,0,9,1,London
2015-01-16,201501KF60049,540630.0,181140.0,0.025158,51.511692,1,3,1,1,6,12:25,17,E09000025,5,0,6,30,3,4,6,0,0,0,1,1,2,0,0,1,1,E01003515,201201HT20742,1,1,3,2,28,6,3,9,5,0,0,2,0,1,London
2015-01-16,201522D500261,403360.0,264740.0,-1.95217,52.280795,22,3,2,1,6,15:15,274,E10000034,6,0,6,30,8,4,6,0,0,0,1,1,1,0,0,1,2,E01032249,2012130295978,1,1,1,2,27,6,3,0,0,0,0,0,9,1,
2015-01-16,201537EA87233,616517.0,244792.0,1.15695,52.059177,37,2,1,1,6,17:43,412,E10000029,3,1156,6,30,0,-1,-1,0,0,4,4,1,2,0,0,1,1,E01030010,201220N031442,1,6,2,1,74,10,3,0,0,2,0,0,9,1,
2015-01-16,201501GD10016,533470.0,183490.0,-0.077068,51.534545,1,3,2,1,6,18:30,4,E09000012,3,10,6,30,6,2,5,0,0,5,4,2,2,0,0,1,1,E01001755,201201CW11658,1,1,3,2,15,3,3,6,9,0,0,2,0,1,London
2015-01-16,201501CP00025,533060.0,181240.0,-0.083824,51.514423,48,3,2,1,6,12:10,570,E09000001,5,0,6,30,3,2,3,10,0,5,1,1,1,0,0,1,2,E01032739,201197QB07305,1,1,1,1,38,7,3,0,0,0,0,0,5,1,City of London
2015-01-16,2015405CA0076,507856.0,225138.0,-0.433311,51.914338,40,3,2,1,6,10:23,421,E06000032,6,0,6,20,3,4,6,0,0,0,1,1,1,0,0,1,2,E01015748,201220W003062,2,1,1,1,54,8,2,0,0,0,0,0,1,1,
2015-01-16,201501GD10017,533650.0,186770.0,-0.073229,51.563978,1,3,1,1,6,19:32,4,E09000012,3,10,6,30,3,4,5,0,0,4,4,8,2,0,0,1,1,E01001805,201201CW11659,1,1,2,2,28,6,3,0,0,0,3,0,11,1,London
2015-01-16,201511SJ01155,429977.0,514333.0,-1.538377,54.523405,11,3,2,1,6,17:40,161,E06000005,6,0,6,30,6,4,4,6280,0,4,4,4,2,0,0,1,2,E01012342,201205FF01754,1,1,1,1,51,8,3,0,0,0,0,0,9,-1,
2015-01-16,201511SJ01255,429454.0,515607.0,-1.54633,54.534885,11,3,2,1,6,15:58,161,E06000005,6,0,6,30,3,4,6,0,0,0,1,1,1,0,0,1,1,E01012307,201205FF01754,2,2,1,1,26,6,3,0,0,0,0,0,9,-1,
2015-01-16,201506J096671,392020.0,391080.0,-2.121529,53.416462,6,3,1,1,6,15:45,109,E08000007,5,0,6,30,3,4,6,0,0,0,1,1,2,0,0,1,1,E01005743,201204BC12042,2,1,1,1,27,6,3,0,0,0,0,0,11,1,
2015-01-16,201523S010056,431760.0,266086.0,-1.535765,52.291994,23,2,1,1,6,13:40,294,E10000031,6,0,6,30,6,2,6,0,0,5,1,1,1,0,0,1,1,E01033253,2012130454631,1,2,2,2,21,5,3,0,0,1,0,0,9,1,
2015-01-16,201520K002225,402210.0,286210.0,-1.968893,52.473818,20,3,2,1,6,08:20,305,E08000028,3,4030,6,30,6,4,6,0,0,0,1,1,1,0,0,1,2,E01009927,201211SJ00602,1,1,1,1,23,5,3,0,0,0,0,0,9,1,Sandwell
2015-01-16,2015100035415,429333.0,586782.0,-1.540998,55.174476,10,3,2,3,6,15:10,139,E06000048,6,6714,6,30,3,4,6,6715,0,0,1,1,1,0,0,1,1,E01033716,201205AA01574,1,2,2,2,19,4,3,0,0,2,0,0,8,1,
2015-01-16,201520K001345,401550.0,289210.0,-1.978596,52.50079,20,3,2,3,6,17:36,305,E08000028,3,4168,3,30,1,4,3,457,0,0,4,1,4,0,0,1,1,E01010047,201211SC26542,2,1,2,2,45,7,3,0,0,2,0,0,9,2,Sandwell
2015-01-16,201522G500272,371100.0,306830.0,-2.428693,52.658416,22,3,2,1,6,07:52,284,E06000020,6,0,6,40,3,4,6,0,0,0,4,1,2,0,0,1,1,E01014196,2012130374522,1,1,1,1,68,10,2,0,0,0,0,0,21,1,
2015-01-16,20151321G0361,409343.0,418307.0,-1.860092,53.661169,13,3,1,1,6,10:04,203,E08000034,1,62,7,70,0,-1,-1,0,0,0,1,3,3,0,0,2,1,E01011205,201206G057228,1,1,2,1,39,7,3,0,0,1,0,0,9,-1,Kirklees
2015-01-16,201537EA87230,593695.0,263667.0,0.835259,52.237108,37,3,4,1,6,08:00,413,E10000029,3,14,3,70,0,-1,-1,0,0,0,1,1,1,0,0,2,1,E01030086,201220N031442,1,5,2,1,9,2,3,0,0,2,0,0,9,1,Mid Suffolk
2015-01-16,201537EA87229,612162.0,246133.0,1.094357,52.0729,37,3,2,1,6,19:00,413,E10000029,4,1113,6,30,3,4,6,0,0,0,6,1,1,0,0,2,1,E01030042,201220N031442,1,3,2,2,72,10,2,0,0,2,0,0,9,1,Mid Suffolk
2015-01-16,201501KF60037,539460.0,185620.0,0.010082,51.552239,1,3,2,1,6,13:00,17,E09000025,6,0,6,30,3,4,6,0,0,0,1,1,1,0,0,1,2,E01004332,201201HT20733,1,1,1,2,28,6,2,0,0,0,0,0,2,1,London
2015-01-16,201563DP04915,309980.0,302610.0,-3.330964,52.613776,63,3,1,1,6,08:30,753,W06000023,4,4389,6,60,0,-1,-1,0,0,0,1,1,4,0,0,2,1,W01000488,201243N191022,1,1,1,1,34,6,3,0,0,0,0,0,9,1,
2015-01-16,201520L000525,412090.0,280220.0,-1.823654,52.419841,20,3,1,1,6,19:08,306,E08000029,6,0,6,30,0,-1,-1,0,0,0,4,1,2,0,0,1,1,E01010204,201211SK29472,1,1,1,1,42,7,3,0,0,0,0,0,5,3,
2015-01-16,201506A096477,384320.0,400010.0,-2.237828,53.496555,6,3,3,3,6,14:32,102,E08000003,3,665,6,30,0,-1,-1,0,0,0,1,1,2,0,0,1,1,E01005147,201204AM12096,2,1,1,2,48,8,3,0,0,0,0,0,9,1,Manchester
2015-01-16,2015320002795,525503.0,311077.0,-0.144882,52.682859,32,3,2,2,6,14:30,354,E10000019,4,1165,6,50,0,-1,-1,0,0,0,1,1,2,0,0,2,1,E01026239,201214K210612,1,1,1,1,19,4,3,0,0,0,0,0,9,1,South Holland
2015-01-16,201501XD80044,518590.0,181940.0,-0.292015,51.523934,1,2,1,1,6,21:03,27,E09000009,3,406,6,30,0,-1,-1,0,0,0,4,1,2,0,0,1,1,E01001280,201201TA00576,1,1,3,1,52,8,2,5,1,0,0,2,0,1,London
2015-01-16,2015320002794,491099.0,335649.0,-0.646799,52.910557,32,3,1,1,6,09:46,355,E10000019,3,52,6,30,9,2,5,374,0,5,1,1,1,0,0,1,1,E01026323,201214K210212,2,2,1,1,47,8,3,0,0,0,0,0,9,1,
2015-01-16,201501CP00020,532100.0,181840.0,-0.097426,51.520039,48,3,2,1,6,19:39,570,E09000001,4,100,6,30,3,2,3,1,0,5,4,1,1,0,0,1,1,E01000001,201197QB06611,1,1,1,2,65,9,2,0,0,0,0,0,9,1,
2015-01-16,2015051500192,340433.0,391980.0,-2.897796,53.421238,5,3,1,1,6,17:05,91,E08000012,6,0,9,20,0,-1,-1,0,0,1,4,1,1,0,0,1,2,E01006570,201201ZD30742,2,1,1,2,23,5,3,0,0,0,0,0,9,1,Liverpool
2015-01-16,201501ZD30106,532440.0,165410.0,-0.098672,51.37231,1,3,1,1,6,11:27,20,E09000008,5,0,6,30,6,4,6,0,0,0,1,1,1,0,0,1,1,E01001043,201201VK30211,2,1,1,2,27,6,3,0,0,0,0,0,9,1,London
2015-01-16,2015320002772,505503.0,307622.0,-0.441715,52.65607,32,3,2,2,6,11:46,355,E10000019,3,1175,6,60,0,-1,-1,0,0,0,1,1,1,0,0,2,1,E01026363,201214K210212,1,1,1,1,68,10,3,0,0,0,0,0,9,1,South Kesteven
2015-01-16,2015460252002,555220.0,173800.0,0.232022,51.441928,46,3,2,2,6,08:40,532,E10000016,3,226,6,30,3,4,6,0,0,1,1,1,1,0,0,1,1,E01024136,201232N155112,2,1,2,1,73,10,3,0,0,1,0,0,9,3,Dartford
2015-01-16,201501TX20094,510260.0,174840.0,-0.414249,51.461805,1,3,1,1,6,17:46,25,E09000018,3,312,6,30,3,4,6,0,0,0,4,1,2,0,0,1,1,E01002592,201201RG40262,1,1,3,1,7,2,3,5,9,0,0,2,0,1,London
2015-01-16,201522G500270,367530.0,307070.0,-2.481494,52.660371,22,3,1,1,6,18:38,284,E06000020,6,0,6,30,3,4,6,0,0,0,4,1,2,0,0,1,1,E01014146,2012130374501,2,2,1,1,35,6,3,0,0,0,0,0,9,1,
2015-01-16,2015320003822,513838.0,408204.0,-0.282924,53.558121,32,3,3,1,6,23:25,356,E10000019,5,242,6,30,0,-1,-1,0,0,0,4,8,4,0,0,2,1,E01026367,201214K219312,1,1,3,2,17,4,3,9,9,0,0,0,0,1,West Lindsey
2015-01-16,201501CP00022,532700.0,181550.0,-0.088893,51.517293,48,3,1,1,6,11:45,570,E09000001,3,1211,6,30,6,2,5,0,0,5,1,1,1,0,0,1,1,E01032739,201197QB06911,2,1,1,1,18,4,3,0,0,0,0,0,9,-1,City of London
2015-01-16,2015405CA0046,508994.0,221448.0,-0.417938,51.880953,40,3,1,1,6,17:20,421,E06000032,6,0,2,30,0,-1,-1,0,0,0,4,1,1,0,0,1,2,E01015794,201220T502222,2,1,2,1,4,1,3,0,0,2,0,0,9,1,
2015-01-16,201520K001215,400700.0,293660.0,-1.99111,52.540797,20,3,2,1,6,08:15,305,E08000028,6,0,6,30,6,4,6,0,0,0,1,1,2,0,0,1,1,E01009996,201211SC24752,1,1,1,1,68,10,3,0,0,0,0,0,9,2,Sandwell
2015-01-16,201501ZD30025,533250.0,170660.0,-0.085072,51.419301,1,3,2,1,6,23:28,20,E09000008,3,214,6,30,3,4,6,0,0,0,4,1,1,0,0,1,1,E01001164,201201VK30170,1,1,1,2,55,8,3,0,0,0,0,0,9,1,London
2015-01-16,2015405CA0050,508146.0,222085.0,-0.430053,51.886843,40,3,2,1,6,17:46,421,E06000032,4,579,6,20,8,4,-1,-1,0,5,4,1,1,0,0,1,1,E01015705,201220T504402,1,1,1,1,16,4,3,0,0,0,0,0,2,1,
2015-01-16,2015051500156,336474.0,396793.0,-2.958333,53.464031,5,3,2,2,6,16:40,91,E08000012,6,0,6,30,3,2,6,0,0,5,4,1,1,2,0,1,1,E01006783,201201ZD30717,1,1,1,2,55,8,3,0,0,0,0,0,9,1,Liverpool
2015-01-16,201514A007215,452629.0,409266.0,-1.206629,53.577359,14,3,2,2,6,17:29,211,E08000017,3,638,6,50,3,4,3,638,0,0,7,1,2,0,0,2,1,E01007474,2012070097548,1,2,3,1,41,7,3,6,9,0,0,2,0,1,Doncaster
2015-01-16,2015521500377,369641.0,156940.0,-2.436941,51.310758,52,3,2,1,6,11:30,611,E06000022,6,0,6,30,3,4,6,0,0,0,1,1,1,0,0,2,2,E01014444,2012400CA0012,2,2,2,1,21,5,3,0,0,0,0,0,19,1,
2015-01-16,201520K001645,397670.0,290270.0,-2.03576,52.510316,20,3,2,1,6,18:39,305,E08000028,6,0,6,30,0,-1,-1,0,0,0,4,2,2,0,0,1,1,E01010015,201211SJ00022,1,2,2,1,28,6,3,0,0,1,0,0,9,1,Sandwell
2015-01-16,201543W096015,472178.0,172269.0,-0.962824,51.444821,43,3,2,1,6,17:30,472,E06000038,6,7201,6,30,0,-1,-1,0,0,0,4,1,1,0,0,1,2,E01016414,201230C000887,2,1,1,1,61,9,3,0,0,0,0,0,9,1,