Date,Accident_Index_x,Location_Easting_OSGR,Location_Northing_OSGR,Longitude,Latitude,Police_Force,Accident_Severity,Number_of_Vehicles,Number_of_Casualties,Day_of_Week,Time,Local_Authority_(District),Local_Authority_(Highway),1st_Road_Class,1st_Road_Number,Road_Type,Speed_limit,Junction_Detail,Junction_Control,2nd_Road_Class,2nd_Road_Number,Pedestrian_Crossing-Human_Control,Pedestrian_Crossing-Physical_Facilities,Light_Conditions,Weather_Conditions,Road_Surface_Conditions,Special_Conditions_at_Site,Carriageway_Hazards,Urban_or_Rural_Area,Did_Police_Officer_Attend_Scene_of_Accident,LSOA_of_Accident_Location,Accident_Index_y,Vehicle_Reference,Casualty_Reference,Casualty_Class,Sex_of_Casualty,Age_of_Casualty,Age_Band_of_Casualty,Casualty_Severity,Pedestrian_Location,Pedestrian_Movement,Car_Passenger,Bus_or_Coach_Passenger,Pedestrian_Road_Maintenance_Worker,Casualty_Type,Casualty_Home_Area_Type,city
2015-01-16,201501TX20033,516580.0,176870.0,-0.322648,51.478784,1,3,2,3,6,15:15,25,E09000018,3,315,6,30,0,-1,-1,0,0,0,1,2,2,0,0,1,1,E01002682,201201RG40211,1,1,3,1,15,3,3,5,1,0,0,2,0,1,London
2015-01-16,2015521500676,357286.0,175325.0,-2.616405,51.475263,52,2,1,1,6,11:30,601,E06000023,3,4018,6,30,3,4,6,0,0,0,1,1,1,0,0,2,1,E01014619,2012400CA0099,2,1,1,1,31,6,3,0,0,0,0,0,1,-1,Bristol
2015-01-16,201506X096277,390360.0,410410.0,-2.147106,53.59018,6,3,2,2,6,18:37,106,E08000005,1,62,3,70,0,-1,-1,0,0,0,4,3,2,0,0,2,1,E01005467,201204DF12116,1,1,3,1,2,1,3,5,3,0,0,0,0,1,
2015-01-16,2015320003002,545168.0,375965.0,0.174885,53.260829,32,3,2,1,6,09:30,351,E10000019,6,0,6,30,0,-1,-1,0,0,0,1,1,2,0,0,2,2,E01026042,201214K213212,1,1,3,1,55,8,3,6,5,0,0,0,0,1,East Lindsey
2015-01-16,2015521500671,358718.0,173492.0,-2.595573,51.458889,52,3,2,2,6,15:30,601,E06000023,4,4051,6,20,3,2,6,0,0,5,1,1,2,0,0,1,1,E01014542,2012400CA0090,1,1,3,2,66,10,3,6,9,0,0,0,0,1,Bristol
2015-01-16,20154100B0032,523110.0,215330.0,-0.215138,51.823039,41,3,2,2,6,12:35,438,E10000015,4,197,6,40,3,4,6,1337,0,0,1,1,1,0,0,1,1,E01023970,2012212000271,1,1,3,2,17,4,2,1,9,0,0,2,0,2,Welwyn Hatfield
2015-01-16,201501TX20035,510820.0,175990.0,-0.405832,51.472032,1,3,3,1,6,06:20,25,E09000018,3,312,3,40,6,2,3,30,0,5,4,1,1,0,0,1,1,E01002586,201201RG40215,1,1,2,2,20,4,3,0,0,0,3,0,11,-1,London
2015-01-16,2015521500372,359525.0,172971.0,-2.583899,51.454264,52,3,2,1,6,08:43,601,E06000023,3,4044,3,30,3,4,6,0,0,8,1,1,1,0,0,1,1,E01014540,2012400CA0012,2,1,1,1,33,6,3,0,0,0,0,0,19,1,Bristol
2015-01-16,201501KF60046,543840.0,183060.0,0.072167,51.528137,1,2,2,3,6,13:05,17,E09000025,3,406,3,50,0,-1,-1,0,0,0,1,1,1,0,0,2,1,E01003535,201201HT20739,2,1,1,1,31,6,3,0,0,0,0,0,5,-1,London
2015-01-16,201563CP00515,207080.0,211000.0,-4.797099,51.764357,63,3,2,1,6,08:20,752,W06000009,3,4075,6,60,0,-1,-1,0,0,0,1,8,2,0,0,2,1,W01000585,201243N138012,1,1,1,1,21,5,3,0,0,0,0,0,9,1,
2015-01-16,201563CP00415,191720.0,207730.0,-5.017408,51.729493,63,3,2,3,6,10:49,752,W06000009,3,4076,6,40,6,2,6,0,0,5,1,1,1,0,0,1,1,W01000593,201243N137082,2,2,1,2,45,7,3,0,0,0,0,0,9,2,
2015-01-16,2015320002994,522391.0,374048.0,-0.167112,53.249344,32,3,1,1,6,20:00,351,E10000019,5,4,6,60,0,-1,-1,0,0,0,6,1,4,0,0,2,2,E01026082,201214K213112,1,1,2,2,41,7,3,0,0,1,0,0,9,1,East Lindsey
2015-01-16,2015405BA0051,494489.0,252428.0,-0.620054,52.162047,40,3,2,2,6,08:17,420,E06000055,3,428,6,30,3,4,6,0,0,0,1,1,1,0,0,2,1,E01017546,201220T033032,1,1,2,1,10,2,3,0,0,1,0,0,9,1,
2015-01-16,2015320002878,538217.0,396984.0,0.079928,53.451491,32,3,1,2,6,12:51,351,E10000019,3,1031,6,60,0,-1,-1,0,0,0,1,1,1,0,0,2,1,E01026076,201214K212212,2,1,1,1,28,6,3,0,0,0,0,0,5,1,East Lindsey
2015-01-16,201501XD80093,517830.0,179110.0,-0.303909,51.498658,1,3,1,1,6,15:00,27,E09000009,4,4491,6,30,0,-1,-1,0,0,0,1,1,1,0,0,1,1,E01001301,201201TA00614,1,1,3,1,34,6,2,5,1,0,0,2,0,1,London
2015-01-16,201543W097015,445203.0,164693.0,-1.351895,51.379496,43,2,2,1,6,18:07,471,E06000037,6,7122,6,30,3,4,6,7122,0,0,4,1,1,0,0,1,1,E01016302,201230C000901,2,4,2,1,20,4,3,0,0,2,0,0,9,1,
2015-01-16,201522F500292,326100.0,298400.0,-3.091994,52.578372,22,3,2,1,6,06:00,286,E06000051,3,490,6,30,0,-1,-1,0,0,0,1,1,2,0,0,2,2,E01033530,2012130348027,1,1,3,1,23,5,2,6,9,0,0,0,0,1,
2015-01-16,2015460252116,585120.0,138290.0,0.643408,51.113998,46,3,2,1,6,08:17,530,E10000016,3,262,6,30,9,4,6,0,0,0,1,8,2,0,0,2,1,E01023979,201232N173112,1,3,2,1,-1,-1,3,0,0,2,0,0,9,-1,Ashford
2015-01-16,201514A010115,454783.0,402619.0,-1.175263,53.5174,14,3,2,1,6,14:59,211,E08000017,2,1,3,70,0,-1,-1,0,0,0,1,1,2,0,0,2,1,E01007618,2012070098645,2,1,1,1,53,8,3,0,0,0,0,0,19,1,Doncaster
2015-01-16,201523S030058,414855.0,252234.0,-1.784222,52.168174,23,3,1,1,6,17:39,293,E10000031,6,0,6,30,0,-1,-1,0,0,0,6,1,2,0,0,2,1,E01031248,2012130477006,1,1,1,2,24,5,3,0,0,0,0,0,9,2,Stratford-on-Avon
2015-01-16,201501PY20325,542320.0,168920.0,0.044582,51.401463,1,3,2,1,6,09:50,19,E09000006,3,222,6,30,3,2,6,0,0,5,1,1,2,0,0,1,1,E01000650,201201LX50731,1,1,1,1,23,5,3,0,0,0,0,0,3,1,London
2015-01-16,2015405DA0031,513103.0,242183.0,-0.351443,52.066482,40,2,1,2,6,23:26,424,E06000056,6,0,6,60,0,-1,-1,0,0,0,6,1,4,0,0,2,1,E01017412,201220W039332,1,1,3,2,3,1,3,5,1,0,0,0,0,1,
2015-01-16,201523N025070,435601.0,286324.0,-1.477309,52.473693,23,3,2,1,6,15:09,291,E10000031,4,4113,6,30,3,4,6,0,0,0,1,1,2,0,0,1,1,E01031080,2012130418307,1,1,2,2,63,9,3,0,0,0,3,0,11,1,Nuneaton and Bedworth
2015-01-16,201550KE3O001,302244.0,84485.0,-3.384163,50.651816,50,3,2,2,6,14:00,580,E10000008,4,3180,6,60,0,-1,-1,0,0,0,1,1,2,0,0,2,1,E01019905,2012370392312,2,1,1,2,40,7,3,0,0,0,0,0,1,1,East Devon
2015-01-16,201501PY20051,536190.0,171100.0,-0.042649,51.422557,1,3,2,1,6,14:01,19,E09000006,5,0,6,30,3,4,6,0,0,0,1,1,1,0,0,1,1,E01000804,201201LX50498,1,1,1,1,39,7,3,0,0,0,0,0,5,-1,London
2015-01-16,2015460251984,557240.0,139160.0,0.245825,51.130137,46,3,1,1,6,17:43,543,E10000016,3,264,6,30,0,-1,-1,0,0,0,1,1,1,0,0,1,1,E01024796,201232N152412,1,1,1,1,18,4,3,0,0,0,0,0,9,1,Tunbridge Wells
2015-01-16,2015320003124,540219.0,324782.0,0.078514,52.802375,32,2,2,1,6,18:57,354,E10000019,3,17,6,60,0,-1,-1,0,0,0,4,1,1,0,0,2,1,E01026246,201214K214412,1,1,3,1,14,3,2,10,1,0,0,2,0,1,South Holland
2015-01-16,201501BS70012,524170.0,180930.0,-0.21198,51.513659,1,3,2,1,6,06:20,12,E09000020,5,0,6,30,3,4,6,0,0,1,1,1,1,0,0,1,1,E01002879,201197ND01201,2,1,1,1,16,4,3,0,0,0,0,0,2,1,London
2015-01-16,201543W104015,451965.0,167169.0,-1.254382,51.40118,43,3,2,1,6,15:30,471,E06000037,6,7152,6,30,2,4,6,7152,0,0,1,1,1,0,0,1,2,E01016337,201230C000993,1,1,1,1,25,5,3,0,0,0,0,0,9,3,
2015-01-16,201550JS2F001,283092.0,60153.0,-3.647326,50.429558,50,3,1,1,6,22:45,584,E10000008,3,385,6,60,0,-1,-1,0,0,0,6,8,4,0,0,2,1,E01020156,2012370324812,2,2,2,2,44,7,2,0,0,1,0,0,9,1,South Hams
2015-01-16,201506X096332,375310.0,397810.0,-2.373467,53.476433,6,3,2,1,6,16:32,107,E08000006,1,60,3,70,0,-1,-1,0,0,0,4,1,2,0,0,1,1,E01005732,201204DF12117,1,1,1,2,80,11,2,0,0,0,0,0,9,1,Salford
2015-01-16,2015460252132,639030.0,167960.0,1.432088,51.360383,46,3,2,1,6,12:20,541,E10000016,3,255,6,30,6,2,6,0,0,0,1,2,2,0,0,1,1,E01024706,201232N177512,1,1,2,2,5,1,3,0,0,2,0,0,9,1,Thanet
2015-01-16,201501PY20038,539620.0,170050.0,0.006238,51.412288,1,3,2,1,6,12:00,19,E09000006,6,0,6,30,6,4,6,0,0,0,1,1,1,0,0,1,2,E01000674,201201LX50490,1,1,2,2,50,8,3,0,0,1,0,0,9,1,London
2015-01-16,201511NG00885,423744.0,549000.0,-1.631866,54.835267,11,3,2,1,6,17:45,169,E06000047,5,11,6,30,6,4,4,6532,0,0,4,2,4,0,0,2,2,E01020604,201205EE05329,2,1,1,2,44,7,3,0,0,0,0,0,9,1,
2015-01-16,201514B005115,419739.0,407028.0,-1.703486,53.559505,14,3,1,1,6,08:30,210,E08000016,6,0,6,60,0,-1,-1,0,0,0,1,1,4,0,0,2,1,E01007426,2012070170879,2,2,2,1,16,4,3,0,0,2,0,0,9,2,Kirklees
2015-01-16,20151321G0202,437380.0,425668.0,-1.434949,53.726081,13,3,6,2,6,08:10,204,E08000035,1,62,3,70,0,-1,-1,0,0,0,1,1,2,4,0,2,1,E01011636,201206G057033,1,1,1,1,29,6,3,0,0,0,0,0,9,1,Leeds
2015-01-16,201506X096212,375650.0,403690.0,-2.368803,53.529299,6,1,2,1,6,10:45,100,E08000001,1,61,3,70,0,-1,-1,0,0,0,1,2,2,0,0,2,1,E01004908,201204DF12114,2,2,1,2,38,7,3,0,0,0,0,0,9,-1,Bolton
2015-01-16,20151321G0168,429941.0,427092.0,-1.547553,53.739358,13,3,2,1,6,07:17,204,E08000035,6,0,6,30,3,4,6,0,0,1,4,1,2,0,0,1,1,E01011492,201206G057015,2,2,1,2,41,7,3,0,0,0,0,0,9,1,Leeds
2015-01-16,20151321G0257,436939.0,421029.0,-1.442184,53.684418,13,3,2,2,6,08:20,206,E08000036,6,0,6,40,0,-1,-1,0,0,0,1,2,2,0,0,2,1,E01011815,201206G057077,2,1,1,2,40,7,3,0,0,0,0,0,9,1,Wakefield
2015-01-16,201501KD50068,551440.0,188740.0,0.184086,51.577186,1,3,1,1,6,14:55,15,E09000016,5,0,6,30,0,-1,-1,0,0,0,1,1,1,0,0,1,1,E01032741,201201HT20165,1,1,3,2,21,5,3,5,1,0,0,2,0,1,London
2015-01-16,2015051500146,328760.0,386351.0,-3.072141,53.369201,5,3,2,1,6,12:47,95,E08000015,1,53,3,30,3,2,3,552,0,0,1,5,2,0,0,2,1,E01007252,201201ZD30707,4,2,1,2,40,7,3,0,0,0,0,0,9,1,
2015-01-16,201514A006715,461385.0,407876.0,-1.074679,53.563917,14,2,1,1,6,12:30,211,E08000017,6,0,6,30,0,-1,-1,0,0,0,1,1,2,0,0,1,1,E01007624,2012070097473,1,2,2,2,17,4,3,0,0,1,0,0,9,3,Doncaster
2015-01-16,201550JT2R002,252552.0,68087.0,-4.080162,50.493982,50,3,1,1,6,09:45,589,E10000008,6,0,6,30,0,-1,-1,0,0,0,1,1,1,0,0,2,2,E01020316,2012370349212,2,2,1,1,16,4,3,0,0,0,0,0,2,3,West Devon
2015-01-16,201501KF60081,542730.0,183030.0,0.056164,51.528149,1,3,1,1,6,18:30,17,E09000025,3,117,6,30,3,4,6,0,0,0,4,1,1,0,0,1,2,E01003523,201201HT20762,2,1,1,1,42,7,3,0,0,0,0,0,1,1,London
2015-01-16,201537EA87147,619195.0,244077.0,1.19549,52.051707,37,3,2,1,6,08:15,412,E10000029,6,0,6,30,3,4,6,0,0,0,1,1,4,0,0,1,2,E01029966,201220N028592,2,1,1,1,46,8,3,0,0,0,0,0,9,1,
2015-01-16,201506Q096340,392800.0,405200.0,-2.110123,53.54339,6,3,1,1,6,15:25,104,E08000004,5,0,6,30,3,4,6,0,0,4,1,9,1,0,0,1,2,E01005433,201204DA12071,1,1,3,1,23,5,2,1,1,0,0,0,0,-1,
2015-01-16,2015051500144,352232.0,396267.0,-2.720921,53.460972,5,3,2,1,6,05:45,92,E08000013,5,0,6,30,3,4,6,0,0,0,4,1,4,0,0,1,1,E01006873,201201ZD30707,3,1,2,2,20,4,3,0,0,1,0,0,9,-1,
2015-01-16,201520M004685,433370.0,278430.0,-1.510938,52.402869,20,3,3,1,6,11:05,302,E08000026,3,4053,3,40,5,4,6,0,0,0,1,1,1,0,0,1,1,E01009548,2012120014570,1,1,1,1,30,6,3,0,0,0,0,0,9,3,Coventry
2015-01-16,2015520500952,314094.0,120812.0,-3.225101,50.980284,52,3,1,1,6,15:27,608,E10000027,4,3187,6,30,3,4,6,0,0,0,1,4,1,0,0,1,1,E01029309,2012370465112,2,1,1,1,18,4,2,0,0,0,0,0,4,3,Somerset West and Taunton
2015-01-16,2015521500398,333405.0,160439.0,-2.957412,51.339121,52,3,2,1,6,07:45,605,E06000024,3,370,1,40,1,4,6,0,0,0,1,1,1,0,0,1,2,E01014809,2012400CA0027,1,1,3,2,8,2,2,5,1,0,0,0,0,1,
2015-01-16,201563DP00515,310650.0,291110.0,-3.317969,52.510531,63,3,1,1,6,16:00,753,W06000023,3,489,6,30,7,2,3,483,0,5,1,1,1,0,0,1,2,W01000479,201243N182042,1,1,3,1,17,4,3,6,8,0,0,0,0,1,
2015-01-16,2015051500151,346198.0,389392.0,-2.810615,53.398599,5,3,3,1,6,15:00,90,E08000011,1,62,1,30,1,2,6,0,0,0,1,1,1,0,0,2,1,E01006424,201201ZD30711,1,1,1,1,31,6,3,0,0,0,0,0,9,1,Knowsley
2015-01-16,201543R117015,502504.0,178186.0,-0.524882,51.493336,43,3,4,2,6,19:30,473,E06000039,1,4,3,70,0,-1,-1,0,0,0,4,8,2,0,0,2,1,E01016481,2012233121712,1,1,1,2,48,8,2,0,0,0,0,0,9,1,
2015-01-16,201563DP02515,310390.0,268200.0,-3.315657,52.30458,63,3,1,1,6,16:35,753,W06000023,3,483,6,60,0,-1,-1,0,0,0,1,2,2,0,0,2,1,W01000464,201243N185062,2,2,1,2,27,6,3,0,0,0,0,0,9,1,
2015-01-16,201536T150009,623360.0,315386.0,1.303584,52.690072,36,3,1,1,6,15:55,401,E10000020,5,250,6,60,0,-1,-1,0,0,0,1,1,2,0,0,2,1,E01026550,201220M016842,2,1,1,1,26,6,3,0,0,0,0,0,3,1,Broadland
2015-01-16,201514A006315,452120.0,398881.0,-1.21604,53.484074,14,3,2,1,6,07:27,211,E08000017,3,630,6,40,3,4,6,0,0,0,4,1,1,0,0,1,1,E01007620,2012070097473,1,1,1,2,18,4,3,0,0,0,0,0,9,1,Doncaster
2015-01-16,201550KE2H001,300298.0,90722.0,-3.413365,50.707557,50,3,2,1,6,06:59,580,E10000008,3,3052,6,40,3,4,6,0,0,0,6,1,1,0,0,2,1,E01019898,2012370382812,2,2,1,2,48,8,3,0,0,0,0,0,9,1,East Devon
2015-01-16,2015320002810,528540.0,398716.0,-0.064995,53.469497,32,2,2,2,6,01:26,351,E10000019,3,16,6,50,0,-1,-1,0,0,0,4,4,1,0,0,2,1,E01026080,201214K211012,2,1,1,1,51,8,2,0,0,0,0,0,9,1,East Lindsey
2015-01-16,20151321G0230,413790.0,434588.0,-1.792078,53.807405,13,3,2,1,6,08:30,200,E08000032,6,0,6,30,3,4,6,0,0,0,1,1,2,0,0,1,1,E01010804,201206G057074,1,1,2,2,21,5,3,0,0,1,0,0,9,-1,Bradford
2015-01-16,201506Q096307,402460.0,406040.0,-1.964342,53.550986,6,3,1,1,6,11:10,104,E08000004,3,635,6,60,0,-1,-1,0,0,0,1,6,3,0,0,2,1,E01005409,201204DA12070,1,1,1,1,19,4,3,0,0,0,0,0,1,-1,
2015-01-16,2015051500155,332410.0,416163.0,-3.023731,53.6376,5,3,2,1,6,15:45,93,E08000014,6,0,6,30,0,-1,-1,0,0,0,1,1,1,0,0,1,1,E01006973,201201ZD30714,1,1,1,2,28,6,3,0,0,0,0,0,1,1,
2015-01-16,201543P231015,458208.0,223990.0,-1.155206,51.91141,43,3,3,1,6,15:10,481,E10000025,4,4100,6,30,0,-1,-1,0,0,0,1,1,1,0,0,1,1,E01028461,2012232511412,1,1,1,1,23,5,3,0,0,0,0,0,9,1,Cherwell
2015-01-16,2015051500320,339803.0,387773.0,-2.90647,53.383356,5,3,1,1,6,15:10,91,E08000012,6,0,6,30,3,4,6,0,0,0,1,1,1,0,0,1,2,E01006539,201201ZD30818,1,1,1,1,48,8,3,0,0,0,0,0,9,1,Liverpool
2015-01-17,201550CB2S001,254727.0,133954.0,-4.075581,51.086455,50,3,1,2,7,00:39,582,E10000008,3,361,3,50,0,-1,-1,0,0,0,4,1,4,0,0,1,1,E01020132,2012360067187,3,1,1,1,30,6,3,0,0,0,0,0,1,2,North Devon
2015-01-17,2015075015378,348530.0,386360.0,-2.775051,53.371581,7,3,2,2,7,14:55,124,E06000006,4,5178,6,30,3,4,5,2001,0,0,1,2,2,0,0,1,2,E01012390,201204DL12057,2,1,1,1,40,7,3,0,0,0,0,0,1,1,
2015-01-17,201543P343015,450937.0,206325.0,-1.263492,51.753309,43,3,1,1,7,17:33,482,E10000025,3,4144,6,20,3,4,6,0,0,5,4,9,1,0,0,1,2,E01028521,2012232655512,2,1,1,2,28,6,3,0,0,0,0,0,1,1,Oxford
2015-01-17,2015075015376,360386.0,390714.0,-2.597417,53.411739,7,3,4,2,7,14:51,128,E06000007,3,49,3,40,0,-1,-1,0,0,0,1,8,2,0,0,1,1,E01012453,201204DL12056,2,1,1,1,44,7,3,0,0,0,0,0,3,1,
2015-01-17,2015075015278,377234.0,360887.0,-2.341816,53.144636,7,2,2,3,7,12:56,129,E06000049,6,0,6,30,6,4,6,0,0,0,1,1,2,0,0,1,1,E01018433,201204DL12055,1,1,1,2,53,8,3,0,0,0,0,0,9,1,
2015-01-17,2015215000779,386987.0,340735.0,-2.195184,52.963819,21,3,2,2,7,15:58,257,E06000021,3,34,3,40,1,4,3,5035,0,8,1,1,2,0,0,1,1,E01014349,2012130185393,1,1,3,1,3,1,2,1,3,0,0,0,0,1,Stafford
2015-01-17,201514A007115,458356.0,404179.0,-1.121093,53.531036,14,2,2,1,7,16:00,211,E08000017,6,0,6,30,3,4,6,0,0,0,1,2,2,0,0,1,1,E01007646,2012070097548,1,1,3,2,37,7,3,6,9,0,0,2,0,1,Doncaster
2015-01-17,201501XH30024,504740.0,177150.0,-0.492993,51.483615,1,3,2,4,7,12:55,26,E09000017,3,4,3,50,6,2,3,3044,0,5,1,1,1,2,0,2,1,E01002444,201201TB00502,1,1,1,1,30,6,3,0,0,0,0,0,3,1,London
2015-01-17,201542I021601,561566.0,221872.0,0.34545,51.872022,42,3,1,1,7,03:03,463,E10000012,4,1256,1,60,1,4,6,0,0,0,4,1,4,0,0,2,1,E01022068,2012212005565,2,2,1,2,21,5,3,0,0,0,0,0,9,1,Uttlesford
2015-01-17,2015075015260,329020.0,380114.0,-3.066833,53.313183,7,3,2,1,7,12:38,130,E06000050,3,540,6,40,0,-1,-1,0,0,0,1,1,1,0,0,2,1,E01018537,201204DL12054,1,1,2,1,1,1,3,0,0,2,0,0,9,1,
2015-01-17,201531B005115,467099.0,368090.0,-0.996862,53.205655,31,3,3,2,7,12:50,345,E10000024,4,6387,6,30,3,4,6,0,0,0,1,1,2,0,0,2,1,E01028302,201214B054212,1,1,3,1,14,3,3,10,9,0,0,0,0,1,Newark and Sherwood
2015-01-17,201543N149015,485372.0,191454.0,-0.768375,51.61545,43,2,2,5,7,20:57,480,E10000002,5,100,1,30,2,4,6,814,0,0,4,1,2,0,0,1,1,E01017840,201222F202295,1,2,2,1,32,6,3,0,0,1,0,0,9,1,
2015-01-17,201531B005215,479500.0,354370.0,-0.814635,53.080646,31,3,3,2,7,12:55,345,E10000024,4,6326,6,30,3,4,6,0,0,8,1,1,1,0,0,1,1,E01028310,201214B054312,1,1,1,2,41,7,3,0,0,0,0,0,9,1,Newark and Sherwood
2015-01-17,2015460252086,582950.0,127720.0,0.607097,51.019746,46,2,1,2,7,17:50,530,E10000016,3,28,6,60,0,-1,-1,0,0,0,7,8,2,0,0,2,1,E01024010,201232N169112,1,1,1,1,24,5,3,0,0,0,0,0,9,3,Ashford
2015-01-17,201501LX50034,530890.0,174960.0,-0.117404,51.458493,1,3,1,1,7,16:40,9,E09000022,3,23,6,30,3,4,6,0,0,0,1,1,1,0,0,1,1,E01003176,201201JI40348,2,2,2,2,-1,-1,3,0,0,1,0,0,9,1,London
2015-01-17,201563AC01615,265180.0,229380.0,-3.962966,51.946531,63,3,1,1,7,16:50,751,W06000010,4,4302,6,60,0,-1,-1,0,0,0,6,1,4,0,0,2,1,W01000709,201243N030052,1,3,2,1,27,6,2,0,0,2,0,0,8,-1,
2015-01-17,2015450021316,497187.0,161281.0,-0.606075,51.342317,45,3,2,1,7,14:00,515,E10000030,5,11,6,40,8,4,-1,-1,0,0,1,1,2,0,0,1,1,E01030764,201231C250312,1,1,3,1,57,9,3,5,3,0,0,0,0,-1,Surrey Heath
2015-01-17,2015075015629,357066.0,392778.0,-2.647642,53.43003,7,3,2,1,7,16:30,128,E06000007,5,1012,6,30,3,4,6,0,0,0,4,1,2,0,0,2,2,E01012469,201204DL12058,1,2,2,2,52,8,3,0,0,1,0,0,9,1,
2015-01-17,2015331500389,462835.0,303046.0,-1.073253,52.621553,33,3,2,1,7,13:20,364,E06000016,4,667,1,30,2,4,5,1777,0,8,1,8,1,0,0,1,2,E01013670,2012160C02261,1,1,1,2,24,5,3,0,0,0,0,0,9,3,Leicester
2015-01-17,201537EA87260,650974.0,290888.0,1.692772,52.458222,37,3,1,1,7,13:55,416,E10000029,3,146,6,30,0,-1,-1,0,0,0,1,1,1,0,7,1,1,E01030237,201220N031822,1,1,1,2,62,9,3,0,0,0,0,0,19,1,East Suffolk
2015-01-17,201520T010655,407770.0,285070.0,-1.887064,52.46352,20,3,2,1,7,09:44,300,E08000025,3,435,1,30,1,4,3,4540,0,0,1,1,1,0,0,1,2,E01009362,2012120124732,1,1,1,2,30,6,3,0,0,0,0,0,3,1,Birmingham
2015-01-17,201550CD2J001,233658.0,123254.0,-4.37123,50.984595,50,3,1,1,7,07:45,588,E10000008,3,39,6,60,0,-1,-1,0,0,0,1,1,1,0,0,2,1,E01020288,2012360067335,1,1,1,2,42,7,3,0,0,0,0,0,9,1,Torridge
2015-01-17,201543N125015,485379.0,191464.0,-0.768271,51.615538,43,3,2,1,7,11:34,480,E10000002,5,100,1,30,2,4,6,814,0,0,1,1,2,0,0,1,2,E01017840,201222F201720,2,1,1,1,29,6,3,0,0,0,0,0,3,2,
2015-01-17,201542I023701,558393.0,178543.0,0.279762,51.483664,42,3,2,1,7,09:57,462,E06000034,3,126,1,30,1,2,4,186,0,0,1,1,1,0,0,1,1,E01016011,2012212005594,1,2,2,1,25,5,3,0,0,1,0,0,9,-1,
2015-01-17,2015350034615,558320.0,250840.0,0.311714,52.133184,35,3,2,2,7,11:18,395,E10000003,4,1052,6,30,3,4,6,0,0,0,1,1,1,0,0,2,1,E01018218,201220G004442,2,4,2,2,3,1,3,0,0,2,0,0,10,1,
2015-01-17,2015460252092,630690.0,164860.0,1.310501,51.336001,46,3,2,2,7,12:09,541,E10000016,6,1831,6,30,6,4,6,0,0,0,1,1,1,0,0,2,1,E01024704,201232N169912,1,1,1,2,21,5,3,0,0,0,0,0,9,3,Thanet
2015-01-17,201542I021701,575467.0,202973.0,0.537617,51.698073,42,3,2,1,7,14:00,454,E10000012,6,0,6,40,3,4,6,0,0,0,1,1,2,0,0,2,1,E01021571,2012212005567,1,1,1,1,64,9,3,0,0,0,0,0,5,3,Chelmsford
2015-01-17,201537EA87241,585060.0,265958.0,0.71021,52.260649,37,3,2,2,7,10:56,414,E10000029,3,1101,6,30,0,-1,-1,0,0,0,1,1,1,0,0,1,1,E01030130,201220N031442,3,4,2,2,42,7,3,0,0,1,0,0,9,1,West Suffolk
2015-01-17,201542I010301,580283.0,188043.0,0.599548,51.562447,42,3,2,1,7,09:15,453,E10000012,3,129,6,30,3,4,6,0,0,0,1,8,4,0,0,1,1,E01021531,2012212005389,2,1,1,1,22,5,3,0,0,0,0,0,5,1,Castle Point
2015-01-17,201501JI40047,542930.0,190360.0,0.062023,51.593962,1,3,3,1,7,11:00,14,E09000026,6,0,6,30,0,-1,-1,0,0,0,1,1,1,0,0,1,1,E01003708,201201GD10303,1,1,3,2,73,10,3,5,1,0,0,2,0,1,London
2015-01-17,2015460252097,550210.0,169570.0,0.158199,51.405271,46,2,2,1,7,14:48,538,E10000016,4,2173,6,40,3,4,6,0,0,4,1,1,1,0,0,1,1,E01024478,201232N169912,2,3,2,2,44,7,3,0,0,1,0,0,9,3,Sevenoaks
2015-01-17,2015160A00171,528104.0,410364.0,-0.0668,53.574241,16,3,1,1,7,13:37,233,E06000012,3,180,6,30,0,-1,-1,0,0,0,1,1,2,0,0,1,1,E01013136,2012100019712,1,1,1,1,19,4,3,0,0,0,0,0,9,1,
2015-01-17,2015030000189,321520.0,469460.0,-3.20206,54.114999,3,3,2,1,7,13:50,61,E10000006,6,0,6,30,0,-1,-1,0,0,0,1,8,1,0,0,1,1,E01019175,201201WW50560,1,1,1,2,58,9,3,0,0,0,0,0,9,1,
2015-01-17,201543N098015,482306.0,212257.0,-0.807741,51.802908,43,3,2,1,7,17:45,476,E10000002,6,2099,6,30,3,4,6,2099,0,0,4,1,2,0,0,1,2,E01017687,201222F201052,1,1,1,2,53,8,3,0,0,0,0,0,9,2,