Date,Accident_Index_x,Location_Easting_OSGR,Location_Northing_OSGR,Longitude,Latitude,Police_Force,Accident_Severity,Number_of_Vehicles,Number_of_Casualties,Day_of_Week,Time,Local_Authority_(District),Local_Authority_(Highway),1st_Road_Class,1st_Road_Number,Road_Type,Speed_limit,Junction_Detail,Junction_Control,2nd_Road_Class,2nd_Road_Number,Pedestrian_Crossing-Human_Control,Pedestrian_Crossing-Physical_Facilities,Light_Conditions,Weather_Conditions,Road_Surface_Conditions,Special_Conditions_at_Site,Carriageway_Hazards,Urban_or_Rural_Area,Did_Police_Officer_Attend_Scene_of_Accident,LSOA_of_Accident_Location,Accident_Index_y,Vehicle_Reference,Casualty_Reference,Casualty_Class,Sex_of_Casualty,Age_of_Casualty,Age_Band_of_Casualty,Casualty_Severity,Pedestrian_Location,Pedestrian_Movement,Car_Passenger,Bus_or_Coach_Passenger,Pedestrian_Road_Maintenance_Worker,Casualty_Type,Casualty_Home_Area_Type,city
2015-01-18,201501CW10027,525130.0,182310.0,-0.197664,51.525849,1,3,2,2,1,19:40,1,E09000033,6,0,6,30,3,4,6,0,0,0,4,1,2,0,0,1,1,E01004675,201197QD01307,1,1,3,1,43,7,3,9,8,0,0,0,0,-1,City of Westminster
2015-01-18,201501CW10026,526760.0,182010.0,-0.174288,51.52279,1,3,2,1,1,19:00,1,E09000033,3,5,6,30,8,4,6,0,0,0,1,1,1,0,0,1,1,E01004702,201197QD01210,2,2,1,1,30,6,3,0,0,0,0,0,9,1,City of Westminster
2015-01-18,201501CW10023,526790.0,181980.0,-0.173867,51.522513,1,3,2,1,1,21:00,1,E09000033,3,5,6,30,3,4,6,0,0,8,4,1,1,0,0,1,1,E01004702,201197QD01210,2,1,2,2,36,7,3,0,0,1,0,0,9,1,City of Westminster
2015-01-18,201543W127015,449112.0,167506.0,-1.295345,51.404463,43,3,2,1,1,15:35,471,E06000037,3,4,6,40,8,4,6,0,0,0,1,1,1,0,0,1,1,E01016280,201230C001032,1,1,1,1,80,11,3,0,0,0,0,0,9,1,
2015-01-18,201543W124015,468320.0,171758.0,-1.018426,51.440705,43,3,2,2,1,11:00,472,E06000038,6,7201,6,30,0,-1,-1,0,0,0,1,1,2,0,0,1,2,E01016421,201230C001027,1,1,1,1,30,6,2,0,0,0,0,0,2,1,
2015-01-18,201514B006615,430053.0,405786.0,-1.547906,53.547855,14,3,1,1,1,06:15,210,E08000016,3,628,6,50,0,-1,-1,0,0,0,6,8,4,0,0,2,1,E01007379,2012070171055,1,1,1,1,35,6,3,0,0,0,0,0,9,1,
2015-01-18,201511SK01335,434025.0,533913.0,-1.473574,54.699103,11,2,1,2,1,15:00,169,E06000047,5,24,6,60,0,-1,-1,0,0,0,1,6,3,0,0,2,1,E01020810,201205FF03277,2,2,2,2,41,7,3,0,0,1,0,0,9,1,
2015-01-18,201523S030095,425186.0,253168.0,-1.633107,52.176198,23,3,1,1,1,11:51,293,E10000031,6,0,6,60,0,-1,-1,0,0,0,1,1,1,0,0,2,2,E01031196,2012130477280,1,1,3,2,11,3,3,5,1,0,0,0,0,1,Stratford-on-Avon
2015-01-18,2015360087271,612516.0,280063.0,1.120814,52.377357,36,3,1,1,1,18:23,406,E10000020,6,0,6,30,0,-1,-1,0,0,0,4,7,4,0,0,1,1,E01026888,201220K007642,1,1,3,2,18,4,3,4,1,0,0,0,0,1,South Norfolk
2015-01-18,201501SX20016,524960.0,189410.0,-0.197592,51.589694,1,3,4,2,1,14:30,30,E09000003,3,406,3,50,3,4,6,0,0,0,1,1,1,0,0,1,1,E01000203,201201PY20694,1,1,2,1,59,9,3,0,0,1,0,0,9,1,London
2015-01-18,2015360087255,618108.0,307915.0,1.221069,52.625155,36,3,2,1,1,06:50,406,E10000020,4,1108,6,40,3,2,5,183,0,4,1,1,2,0,0,1,1,E01026882,201220K007542,1,1,3,1,22,5,3,1,1,0,0,0,0,1,South Norfolk
2015-01-18,201520M003945,437790.0,278470.0,-1.44597,52.402942,20,2,2,1,1,11:52,302,E08000026,4,4082,6,30,8,4,3,428,0,0,1,1,2,0,0,2,1,E01009532,2012120013770,2,2,1,1,45,7,3,0,0,0,0,0,9,3,Coventry
2015-01-18,201523S010062,432929.0,271221.0,-1.518125,52.338088,23,3,2,3,1,17:34,294,E10000031,4,4113,6,50,8,4,6,0,0,0,6,1,2,0,0,2,1,E01031308,2012130454631,1,4,2,2,16,4,3,0,0,2,0,0,9,1,
2015-01-18,201501SX20034,520960.0,192950.0,-0.254083,51.62238,1,3,2,1,1,00:01,30,E09000003,3,5109,6,30,3,4,6,0,0,0,4,1,2,0,0,1,1,E01000231,201201PY20709,1,1,2,1,81,11,2,0,0,0,3,0,11,1,London
2015-01-18,201501SX20036,526400.0,193990.0,-0.175167,51.630532,1,2,2,1,1,13:35,30,E09000003,3,1000,6,30,0,-1,-1,0,0,0,1,1,1,0,0,1,1,E01000281,201201PY20712,1,1,2,2,36,7,3,0,0,0,4,0,11,1,London
2015-01-18,201514K014115,441075.0,383606.0,-1.384457,53.347758,14,3,2,2,1,11:55,215,E08000019,6,0,6,30,0,-1,-1,0,0,0,1,1,4,0,0,1,1,E01033278,2012070293088,1,1,1,2,35,6,3,0,0,0,0,0,9,1,Sheffield
2015-01-18,201514K014015,435849.0,387918.0,-1.462468,53.386894,14,3,2,1,1,21:00,215,E08000019,6,0,6,30,3,4,6,0,0,0,4,8,2,0,0,1,2,E01033270,2012070293081,1,1,3,1,28,6,3,6,9,0,0,2,0,1,Sheffield
2015-01-18,201514K013515,439195.0,390601.0,-1.41183,53.410772,14,3,1,1,1,09:53,215,E08000019,6,0,3,30,3,2,6,0,0,0,1,1,4,0,0,1,1,E01007913,2012070292843,1,2,2,2,23,5,3,0,0,1,0,0,9,-1,Sheffield
2015-01-18,201514K013315,433792.0,380435.0,-1.49419,53.31977,14,3,3,2,1,06:45,215,E08000019,6,0,6,20,3,4,6,0,0,0,4,9,4,0,0,1,1,E01007919,2012070292843,1,1,1,1,20,4,3,0,0,0,0,0,9,1,Sheffield
2015-01-18,201514K013215,435199.0,386169.0,-1.472434,53.371217,14,3,2,2,1,11:30,215,E08000019,3,621,6,30,8,4,6,0,0,0,1,1,2,0,0,1,1,E01008108,2012070292563,1,1,1,2,36,7,3,0,0,0,0,0,9,1,Sheffield
2015-01-18,201522D500335,404490.0,268090.0,-1.935563,52.310904,22,3,2,1,1,00:10,274,E10000034,3,441,3,40,3,2,4,4160,0,0,4,2,2,0,0,1,1,E01032224,2012130296440,1,1,1,2,24,5,3,0,0,0,0,0,9,1,
2015-01-18,201501SX20050,526120.0,187490.0,-0.181545,51.572181,1,3,1,1,1,14:36,30,E09000003,6,0,6,30,0,-1,-1,0,0,0,1,8,2,0,0,1,1,E01000206,201201PY20731,1,1,1,2,20,4,3,0,0,0,0,0,9,1,London
2015-01-18,201506M096325,380060.0,394930.0,-2.301717,53.450749,6,3,1,1,1,17:36,112,E08000009,3,56,6,30,6,2,5,0,0,5,4,1,2,0,0,1,1,E01006142,201204CJ12146,2,2,2,1,0,1,3,0,0,2,0,0,9,-1,Trafford
2015-01-18,201501XH30018,507490.0,178780.0,-0.452909,51.49775,1,3,2,1,1,10:06,26,E09000017,3,408,3,30,9,2,3,408,0,0,1,1,1,0,0,1,1,E01002486,201201TB00498,1,1,3,1,27,6,2,10,9,0,0,2,0,-1,London
2015-01-18,2015300011740,436990.0,332830.0,-1.451652,52.891655,30,3,2,1,1,12:13,323,E06000015,3,5111,3,40,0,-1,-1,0,0,0,1,8,2,0,0,1,1,E01013504,2012130494850,2,2,2,2,53,8,3,0,0,1,0,0,9,1,Derby
2015-01-18,201501XH30016,505430.0,184520.0,-0.480857,51.549731,1,2,1,1,1,18:20,26,E09000017,4,467,6,30,0,-1,-1,0,0,0,4,1,1,0,0,1,1,E01002514,201201TB00493,2,1,1,1,28,6,2,0,0,0,0,0,5,1,London
2015-01-18,2015300011739,444070.0,357510.0,-1.34307,53.112961,30,3,2,1,1,10:55,321,E10000007,6,0,6,40,0,-1,-1,0,0,0,1,1,1,0,0,2,2,E01019516,2012130494850,2,1,1,1,52,8,3,0,0,0,0,0,9,1,Bolsover
2015-01-18,2015051500190,336373.0,394480.0,-2.959385,53.443231,5,3,2,1,1,12:30,91,E08000012,3,580,3,30,3,4,6,0,0,0,1,1,4,0,0,1,1,E01006609,201201ZD30741,1,1,1,2,30,6,3,0,0,0,0,0,9,1,Liverpool
2015-01-18,201501SX20052,521810.0,189460.0,-0.243022,51.590832,1,3,1,1,1,08:30,30,E09000003,3,5150,6,30,0,-1,-1,0,0,0,1,1,2,0,0,1,1,E01033572,201201PY20732,1,1,3,2,91,11,3,5,1,0,0,2,0,1,London
2015-01-18,2015051500188,337715.0,402604.0,-2.940798,53.516404,5,3,3,2,1,13:10,93,E08000014,3,5147,3,40,6,2,3,59,0,0,1,1,2,0,0,1,1,E01007095,201201ZD30739,1,1,1,2,27,6,2,0,0,0,0,0,9,-1,
2015-01-18,201520N009265,413000.0,300650.0,-1.809482,52.603483,20,2,2,1,1,13:23,300,E08000025,6,0,6,30,0,-1,-1,0,0,0,1,8,4,0,0,2,1,E01029488,2012120057163,2,1,1,1,60,9,3,0,0,0,0,0,9,1,Birmingham
2015-01-18,2015051500184,346918.0,393315.0,-2.80045,53.43393,5,3,1,1,1,02:58,90,E08000011,3,58,3,70,0,-1,-1,0,0,0,6,3,4,0,0,2,1,E01006440,201201ZD30736,1,1,1,2,47,8,3,0,0,0,0,0,9,1,Knowsley
2015-01-18,2015051500177,337117.0,399223.0,-2.949136,53.485947,5,2,1,1,1,01:20,93,E08000014,6,0,6,30,3,4,6,0,0,5,4,2,2,0,0,1,1,E01007041,201201ZD30733,2,1,2,2,24,5,3,0,0,1,0,0,9,1,
2015-01-18,201506K096483,375040.0,405410.0,-2.378143,53.54473,6,3,2,1,1,13:45,100,E08000001,6,0,6,30,0,-1,-1,0,0,0,1,3,2,0,0,1,2,E01004906,201204CA12041,2,1,1,2,35,6,3,0,0,0,0,0,9,-1,Bolton
2015-01-18,201506K096426,370340.0,406630.0,-2.449185,53.55545,6,3,2,2,1,19:55,100,E08000001,5,0,6,30,0,-1,-1,0,0,0,6,3,4,0,0,1,1,E01004833,201204CA12038,1,1,1,2,21,5,3,0,0,0,0,0,9,2,Bolton
2015-01-18,201501XD80035,517100.0,180540.0,-0.313947,51.511662,1,3,2,1,1,14:45,27,E09000009,3,4020,3,30,0,-1,-1,0,0,4,1,1,1,0,0,1,1,E01001388,201201TA00568,1,1,3,1,21,5,2,1,2,0,0,2,0,1,London
2015-01-18,201543P125015,449377.0,210824.0,-1.285451,51.793896,43,3,2,1,1,10:20,481,E10000025,3,44,3,60,1,4,3,34,0,0,1,1,2,0,0,2,2,E01028511,2012230078112,2,5,2,2,20,4,3,0,0,2,0,0,9,1,Cherwell
2015-01-18,2015521501275,359674.0,172156.0,-2.581661,51.446947,52,3,3,1,1,17:50,601,E06000023,3,4,1,30,1,2,3,370,0,5,4,1,2,0,0,1,1,E01033359,2012400CA0309,2,2,2,1,18,4,3,0,0,1,0,0,9,1,Bristol
2015-01-18,2015471500382,552337.0,111200.0,0.164083,50.880219,47,3,1,3,1,19:56,556,E10000011,6,0,6,60,0,-1,-1,0,0,0,6,1,2,0,0,2,1,E01021142,201234WN08042,1,1,1,1,47,8,3,0,0,0,0,0,3,1,Wealden
2015-01-18,2015460252744,564300.0,159170.0,0.355797,51.307933,46,2,1,5,1,07:46,542,E10000016,1,26,3,70,0,-1,-1,0,0,0,1,2,2,0,0,2,1,E01032620,201232N242612,1,1,1,1,21,5,3,0,0,0,0,0,9,1,Tonbridge and Malling
2015-01-18,2015471500384,520090.0,106235.0,-0.295686,50.843187,47,2,1,1,1,20:46,557,E10000032,6,0,6,60,3,4,6,0,0,0,6,1,4,0,0,2,1,E01031353,201234WN08232,2,1,1,2,60,9,3,0,0,0,0,0,9,1,Adur
2015-01-18,2015051501080,328889.0,385925.0,-3.070106,53.365389,5,3,1,1,1,09:03,95,E08000015,1,53,3,70,0,-1,-1,0,0,0,1,3,4,0,0,2,1,E01007255,201201ZT80313,1,1,1,1,24,5,3,0,0,0,0,0,1,1,
2015-01-18,201542I013401,582859.0,188833.0,0.637081,51.568714,42,3,1,1,1,04:10,460,E06000033,3,127,3,40,0,-1,-1,0,0,0,4,2,2,0,0,1,1,E01015837,2012212005440,1,1,1,1,29,6,3,0,0,0,0,0,19,1,
2015-01-18,2015460251990,563560.0,161400.0,0.346212,51.328181,46,3,1,1,1,23:30,535,E10000016,6,1793,6,60,0,-1,-1,0,0,0,6,8,4,0,0,2,1,E01024274,201232N153212,1,1,3,2,80,11,3,5,3,0,0,2,0,1,Tonbridge and Malling
2015-01-18,201501HT20068,537110.0,179650.0,-0.026113,51.499167,1,3,2,3,1,21:18,5,E09000030,3,1206,6,30,3,4,6,0,0,0,4,1,2,0,0,1,1,E01032781,201201EK40707,1,1,1,1,41,7,3,0,0,0,0,0,1,1,London
2015-01-18,201501GD10041,535040.0,185290.0,-0.053756,51.550347,1,3,2,1,1,18:00,4,E09000012,3,107,6,30,0,-1,-1,0,0,0,4,1,1,0,0,1,1,E01001734,201201CW11675,1,1,1,1,67,10,3,0,0,0,0,0,8,1,London
2015-01-18,201511NI01315,413029.0,551070.0,-1.798589,54.85426,11,3,2,1,1,07:30,169,E06000047,4,6309,1,60,1,4,3,692,0,0,4,3,4,0,0,2,1,E01020668,201205EE05859,1,3,2,2,26,6,3,0,0,2,0,0,9,1,
2015-01-18,201501GD10044,533720.0,187790.0,-0.071832,51.573127,1,3,2,4,1,23:00,4,E09000012,3,107,3,40,3,4,6,0,0,0,4,1,2,0,0,1,1,E01001808,201201CW11678,1,1,3,1,13,3,3,5,1,0,0,2,0,1,London
2015-01-18,201501HT20054,533700.0,181520.0,-0.0745,51.516788,1,3,2,1,1,04:20,5,E09000030,6,0,6,30,3,4,6,0,0,0,4,2,2,0,0,1,1,E01004310,201201EK40699,1,1,3,2,20,4,3,1,3,0,0,2,0,1,London
2015-01-18,201501GD10047,536420.0,184770.0,-0.034066,51.545343,1,3,1,1,1,09:45,4,E09000012,3,12,6,40,0,-1,-1,0,0,0,1,1,1,0,0,1,1,E01001848,201201CW11683,1,1,1,1,50,8,3,0,0,0,0,0,9,1,London
2015-01-18,201560S008270,328595.0,340765.0,-3.064431,52.959481,60,3,1,1,1,11:30,725,W06000006,4,5605,6,60,0,-1,-1,0,0,0,1,3,3,0,0,2,1,W01000359,201242I096304,2,1,1,1,75,10,2,0,0,0,0,0,1,1,
2015-01-18,201501HT20046,536650.0,181120.0,-0.032166,51.512488,1,3,2,1,1,22:50,5,E09000030,6,0,2,30,3,2,3,13,0,5,4,1,1,0,0,1,2,E01004254,201201EK40692,2,1,1,1,41,7,3,0,0,0,0,0,1,1,London
2015-01-18,2015450021873,522098.0,147096.0,-0.25343,51.210028,45,3,2,1,1,17:55,512,E10000030,5,57,6,40,0,-1,-1,0,0,0,7,1,1,0,7,2,2,E01030530,201231C300012,1,1,1,1,38,7,3,0,0,0,0,0,5,1,Mole Valley
2015-01-18,201504WA15017,332120.0,437090.0,-3.032716,53.825625,4,3,2,1,1,07:20,71,E06000009,6,0,6,30,3,4,6,0,0,0,4,1,2,0,0,1,1,E01012709,201201YR90196,2,1,1,1,33,6,3,0,0,0,0,0,9,1,
2015-01-18,201504WA15018,340310.0,440180.0,-2.908914,53.854401,4,3,2,2,1,18:15,74,E10000017,3,586,6,50,8,4,3,585,0,0,6,1,2,0,0,2,1,E01024993,201201YR90197,1,1,1,1,47,8,3,0,0,0,0,0,9,1,Fylde
2015-01-18,201501YR90059,531500.0,186820.0,-0.10421,51.564932,1,3,2,1,1,16:15,4,E09000012,3,503,6,30,0,-1,-1,0,0,4,1,9,1,0,0,1,2,E01002002,201201TX20138,1,1,1,1,47,8,3,0,0,0,0,0,9,1,London
2015-01-18,201501GD10061,533770.0,184800.0,-0.072247,51.546246,1,2,2,1,1,12:35,4,E09000012,3,104,6,30,3,4,6,0,0,0,1,1,1,0,0,1,2,E01033700,201201CW11699,1,1,1,1,45,7,3,0,0,0,0,0,4,1,London
2015-01-18,2015160B00571,501972.0,408601.0,-0.461853,53.564125,16,3,2,1,1,21:24,232,E06000013,3,18,2,30,0,-1,-1,0,0,0,4,6,4,0,0,2,1,E01013269,2012100096312,2,2,2,2,27,6,3,0,0,1,0,0,9,-1,
2015-01-18,2015405BA0049,503972.0,250833.0,-0.481958,52.14601,40,3,2,1,1,03:07,420,E06000055,3,6,1,30,1,4,3,5141,0,8,4,1,2,0,0,1,1,E01017499,201220T032982,1,1,1,1,18,4,3,0,0,0,0,0,9,1,
2015-01-18,201563CP01215,211920.0,218430.0,-4.731079,51.832732,63,3,1,1,1,09:50,752,W06000009,3,478,6,60,0,-1,-1,0,0,0,1,1,4,0,0,2,2,W01000583,201243N139022,1,1,1,2,21,5,3,0,0,0,0,0,9,1,
2015-01-18,201501YR90045,532230.0,189710.0,-0.092597,51.590732,1,3,2,1,1,21:45,31,E09000014,4,155,1,30,1,4,6,0,0,0,4,1,1,0,0,1,2,E01002084,201201TX20130,1,1,3,2,39,7,3,1,3,0,0,2,0,1,London
2015-01-18,2015075016040,369475.0,368212.0,-2.458515,53.210088,7,3,1,1,1,09:00,130,E06000050,3,530,6,60,0,-1,-1,0,0,0,1,7,4,0,0,2,1,E01018722,201204DL12059,1,1,1,1,46,8,3,0,0,0,0,0,9,2,
2015-01-18,2015075016046,373060.0,381295.0,-2.40595,53.32788,7,3,1,1,1,09:20,129,E06000049,3,50,6,60,0,-1,-1,0,0,0,1,1,4,0,0,2,1,E01018648,201204DL12060,2,1,1,1,22,5,3,0,0,0,0,0,9,1,
2015-01-18,2015075016297,359047.0,392950.0,-2.617851,53.431734,7,3,3,2,1,15:00,128,E06000007,5,1009,6,60,3,4,5,1014,0,0,1,1,1,0,0,2,1,E01012468,201204DL12061,2,1,1,1,23,5,3,0,0,0,0,0,9,2,
2015-01-18,2015075016426,353098.0,386531.0,-2.706426,53.373544,7,2,2,3,1,17:58,124,E06000006,3,562,6,60,0,-1,-1,0,0,0,4,1,2,0,0,1,1,E01012414,201204DL12061,2,2,2,2,24,5,3,0,0,1,0,0,9,2,
2015-01-18,2015075016475,360876.0,388750.0,-2.589802,53.394123,7,3,1,1,1,18:53,128,E06000007,3,49,6,30,3,4,6,0,0,0,4,1,2,0,0,1,1,E01012483,201204DL12061,2,3,2,2,1,1,3,0,0,2,0,0,9,2,
2015-01-18,2015450022069,498647.0,150962.0,-0.587969,51.249307,45,3,1,1,1,14:35,511,E10000030,3,322,3,30,3,2,3,323,0,0,1,1,2,0,0,1,1,E01030487,201231D018012,2,3,2,2,60,9,3,0,0,1,0,0,9,3,
2015-01-18,2015075016492,337100.0,376688.0,-2.944896,53.283415,7,3,1,1,1,19:00,130,E06000050,3,41,6,40,8,4,6,0,0,4,1,1,1,0,0,1,2,E01018531,201204DL12062,2,1,1,1,42,7,3,0,0,0,0,0,1,1,
2015-01-18,201501TD00008,531340.0,178400.0,-0.109653,51.489303,1,1,1,1,1,17:42,9,E09000022,3,3204,6,30,3,4,6,0,0,0,4,1,1,0,0,1,1,E01003107,201201QK50505,1,1,1,1,30,6,3,0,0,0,0,0,9,1,London
2015-01-18,201563DP03015,275460.0,301030.0,-3.839958,52.592755,63,3,2,1,1,16:14,753,W06000023,6,0,6,30,3,4,6,0,0,0,1,1,2,0,0,2,1,W01000473,201243N186062,3,2,1,1,33,6,3,0,0,0,0,0,9,3,
2015-01-18,201542I014001,601566.0,214785.0,0.921617,51.79538,42,2,2,2,1,18:39,455,E10000012,4,1025,6,40,3,4,6,0,0,0,6,8,2,0,0,2,1,E01021733,2012212005447,2,2,1,2,49,8,3,0,0,0,0,0,9,1,
2015-01-18,2015450021451,485485.0,148942.0,-0.776986,51.23327,45,3,2,4,1,02:30,517,E10000030,4,3007,6,30,6,2,5,121,0,0,4,1,1,0,0,1,1,E01030902,201231C258512,2,2,1,1,37,7,3,0,0,0,0,0,9,1,Waverley
2015-01-18,201560S008228,327680.0,360474.0,-3.08248,53.136493,60,3,2,1,1,09:40,724,W06000005,3,541,6,30,3,2,3,5104,0,0,1,1,4,4,0,2,1,W01000309,201242I096204,1,1,1,1,18,4,2,0,0,0,0,0,3,1,
2015-01-18,201520K001315,398600.0,288440.0,-2.022049,52.493868,20,3,1,1,1,04:15,305,E08000028,3,4123,1,40,1,4,3,4034,0,0,4,8,2,0,0,1,1,E01010018,201211SC25012,1,1,1,1,27,6,3,0,0,0,0,0,5,1,Sandwell
2015-01-18,201520K001475,398210.0,292590.0,-2.027817,52.531174,20,3,2,1,1,10:50,305,E08000028,3,41,3,40,8,4,3,461,0,0,1,1,1,0,0,1,1,E01010095,201211SC32032,1,2,2,2,78,11,3,0,0,1,0,0,9,3,Sandwell
2015-01-18,201542I014401,575795.0,224931.0,0.55348,51.895199,42,3,3,3,1,13:35,451,E10000012,4,1053,6,30,0,-1,-1,0,0,0,1,1,2,0,0,1,1,E01021356,2012212005451,2,2,1,1,32,6,3,0,0,0,0,0,9,3,
2015-01-18,2015030000115,324000.0,548190.0,-3.184394,54.822765,3,3,1,1,1,07:55,60,E10000006,4,5302,6,60,0,-1,-1,0,0,0,1,8,4,0,0,2,1,E01019132,201201WW50527,1,2,3,2,25,5,3,5,1,0,0,2,0,1,Allerdale
2015-01-18,2015460252007,576860.0,135930.0,0.524368,51.095404,46,3,1,1,1,20:20,543,E10000016,3,229,6,40,0,-1,-1,0,0,0,4,1,4,0,2,2,1,E01024791,201232N155312,2,1,1,1,57,9,3,0,0,0,0,0,9,1,Tunbridge Wells
2015-01-18,2015030000131,316420.0,484940.0,-3.284363,54.253284,3,3,2,1,1,08:40,63,E10000006,3,595,6,30,0,-1,-1,0,0,0,1,3,4,0,0,2,1,E01019293,201201WW50529,2,1,1,1,23,5,3,0,0,0,0,0,3,1,Copeland
2015-01-18,2015471500385,557308.0,120934.0,0.238884,50.966353,47,2,1,2,1,23:22,556,E10000011,3,267,6,40,0,-1,-1,0,0,0,6,1,4,0,0,2,1,E01021150,201234WN08332,1,1,1,1,40,7,3,0,0,0,0,0,1,1,Wealden
2015-01-18,201563AC11815,233380.0,212710.0,-4.417188,51.788167,63,3,2,1,1,11:00,751,W06000010,6,0,6,30,0,-1,-1,0,0,0,1,1,1,0,0,2,2,W01000700,201243N046052,2,1,1,1,27,6,3,0,0,0,0,0,1,1,
2015-01-19,201520W010175,403840.0,287320.0,-1.944883,52.483788,20,3,2,2,2,11:10,300,E08000025,3,4040,6,30,3,4,6,0,0,0,1,1,4,0,0,1,1,E01009152,2012120176503,1,1,1,2,22,5,3,0,0,0,0,0,9,1,Birmingham
2015-01-19,2015460252205,579764.0,166450.0,0.581097,51.368656,46,3,2,1,2,08:18,544,E06000035,3,2,6,40,0,-1,-1,0,0,4,1,1,2,0,0,1,1,E01016165,201232N181912,2,1,1,1,67,10,3,0,0,0,0,0,9,2,
2015-01-19,2015460252220,590130.0,163080.0,0.728039,51.335016,46,3,1,2,2,17:00,540,E10000016,5,397,6,30,0,-1,-1,0,0,0,7,9,1,0,0,1,2,E01024630,201232N183812,2,1,1,1,52,8,3,0,0,0,0,0,9,1,Swale
2015-01-19,201542I015801,541416.0,208380.0,0.047471,51.756262,42,3,2,2,2,21:19,456,E10000012,4,181,6,40,0,-1,-1,0,0,0,6,1,2,0,0,2,1,E01021741,2012212005489,2,1,1,1,-1,-1,3,0,0,0,0,0,1,-1,Epping Forest
2015-01-19,201542I015601,601880.0,224752.0,0.931976,51.884763,42,3,2,1,2,10:00,455,E10000012,3,133,1,30,1,4,6,0,0,4,1,1,1,0,0,1,2,E01033722,2012212005487,2,1,1,1,39,7,3,0,0,0,0,0,9,1,
2015-01-19,201501YE80066,535630.0,198830.0,-0.040018,51.671877,1,3,1,1,2,12:10,32,E09000010,3,1010,6,30,3,2,5,0,0,5,1,1,1,0,0,1,1,E01001547,201201TB01243,1,1,3,1,35,6,2,5,2,0,0,2,0,1,London
2015-01-19,2015075017008,350731.0,383173.0,-2.741476,53.343147,7,3,2,1,2,12:40,124,E06000006,6,0,6,30,0,-1,-1,0,0,0,1,1,1,0,0,1,1,E01012430,201204DL12067,1,1,3,2,15,3,3,8,3,0,0,0,0,-1,
2015-01-19,2015300011811,426830.0,378970.0,-1.598821,53.306999,30,3,2,1,2,17:45,329,E10000007,3,625,6,60,3,4,4,6054,0,0,6,3,2,0,0,2,2,E01019614,2012130496827,1,1,3,2,30,6,2,10,1,0,0,0,0,1,Derbyshire Dales
2015-01-19,2015460252263,593320.0,163030.0,0.773749,51.333492,46,2,2,1,2,17:10,540,E10000016,3,2,6,30,3,4,6,0,0,0,4,1,2,0,0,1,1,E01024624,201232N187612,2,2,2,2,18,4,3,0,0,2,0,0,8,1,Swale
2015-01-19,2015051500212,334768.0,395946.0,-2.983849,53.45621,5,2,1,1,2,18:10,93,E08000014,6,0,6,30,9,2,6,0,0,0,4,1,1,0,0,1,2,E01006966,201201ZD30758,2,1,1,1,30,6,3,0,0,0,0,0,1,-1,
2015-01-19,2015051500200,337079.0,397081.0,-2.949279,53.466692,5,3,2,1,2,20:50,91,E08000012,6,0,3,30,3,4,6,0,0,0,1,1,2,0,0,1,1,E01006652,201201ZD30750,1,1,3,2,7,2,3,5,3,0,0,2,0,-1,Liverpool
2015-01-19,2015051500198,350579.0,395562.0,-2.745704,53.454482,5,3,2,1,2,16:40,92,E08000013,3,570,6,30,3,4,6,0,0,0,4,8,4,0,0,1,1,E01006877,201201ZD30747,1,1,2,1,6,2,3,0,0,2,0,0,9,1,
2015-01-19,2015030000148,334210.0,556730.0,-3.027465,54.900943,3,3,2,1,2,12:29,62,E10000006,4,5307,6,60,0,-1,-1,0,0,0,1,1,2,0,0,2,1,E01019203,201201WW50536,2,1,1,1,55,8,3,0,0,0,0,0,5,-1,Carlisle
2015-01-19,2015300011773,432090.0,336670.0,-1.524101,52.926486,30,3,2,1,2,17:50,323,E06000015,6,0,6,30,3,4,6,0,0,0,4,1,2,0,0,1,2,E01013552,2012130495081,1,5,2,1,18,4,3,0,0,2,0,0,9,-1,Derby
2015-01-19,2015300011772,437260.0,335600.0,-1.447323,52.916536,30,2,1,1,2,15:58,323,E06000015,6,0,6,40,1,4,6,0,0,4,1,1,1,0,0,1,1,E01033172,2012130495081,1,4,2,1,18,4,3,0,0,2,0,0,9,-1,Derby
2015-01-19,2015450021258,501143.0,167666.0,-0.547483,51.399021,45,3,2,1,2,23:23,514,E10000030,1,3,3,40,0,-1,-1,0,0,0,7,1,4,4,0,2,1,E01030685,201231C248312,2,2,1,1,37,7,3,0,0,0,0,0,5,1,Runnymede