Date,Accident_Index_x,Location_Easting_OSGR,Location_Northing_OSGR,Longitude,Latitude,Police_Force,Accident_Severity,Number_of_Vehicles,Number_of_Casualties,Day_of_Week,Time,Local_Authority_(District),Local_Authority_(Highway),1st_Road_Class,1st_Road_Number,Road_Type,Speed_limit,Junction_Detail,Junction_Control,2nd_Road_Class,2nd_Road_Number,Pedestrian_Crossing-Human_Control,Pedestrian_Crossing-Physical_Facilities,Light_Conditions,Weather_Conditions,Road_Surface_Conditions,Special_Conditions_at_Site,Carriageway_Hazards,Urban_or_Rural_Area,Did_Police_Officer_Attend_Scene_of_Accident,LSOA_of_Accident_Location,Accident_Index_y,Vehicle_Reference,Casualty_Reference,Casualty_Class,Sex_of_Casualty,Age_of_Casualty,Age_Band_of_Casualty,Casualty_Severity,Pedestrian_Location,Pedestrian_Movement,Car_Passenger,Bus_or_Coach_Passenger,Pedestrian_Road_Maintenance_Worker,Casualty_Type,Casualty_Home_Area_Type,city
2015-01-19,20151321J0998,409885.0,418465.0,-1.851885,53.662579,13,3,2,1,2,17:00,203,E08000034,3,643,6,30,3,4,6,0,0,0,4,1,1,0,0,2,1,E01011202,201206G058205,1,1,3,1,27,6,3,4,1,0,0,0,0,1,Kirklees
2015-01-19,20151321K0325,431729.0,434575.0,-1.51968,53.806507,13,2,1,1,2,17:30,204,E08000035,6,0,6,30,0,-1,-1,0,0,4,4,1,1,0,0,1,1,E01011677,201206G058467,2,2,1,1,40,7,3,0,0,0,0,0,9,1,Leeds
2015-01-19,201501VW40022,526400.0,167130.0,-0.184787,51.389144,1,3,2,1,2,08:59,22,E09000024,5,0,6,30,3,4,6,0,0,0,1,1,2,0,0,1,1,E01003438,201201SX20214,2,1,2,2,56,9,3,0,0,2,0,0,9,1,London
2015-01-19,20151321K0332,424460.0,433646.0,-1.630129,53.798549,13,3,2,1,2,18:45,204,E08000035,4,6154,6,30,6,2,6,0,0,4,4,2,2,0,0,1,2,E01011608,201206G058467,3,3,1,1,41,7,3,0,0,0,0,0,9,1,Leeds
2015-01-19,2015460252122,555900.0,158110.0,0.234922,51.30077,46,1,2,1,2,15:30,538,E10000016,1,26,3,70,0,-1,-1,0,0,0,1,1,1,0,0,2,1,E01024450,201232N176312,1,1,3,1,12,3,3,8,3,0,0,0,0,1,Sevenoaks
2015-01-19,2015405DA0044,502617.0,222177.0,-0.510332,51.888714,40,3,2,2,2,17:37,424,E06000056,6,0,1,30,2,4,6,0,0,8,4,1,1,0,0,1,1,E01017584,201220W039742,1,1,3,2,88,11,3,1,1,0,0,0,0,1,
2015-01-19,2015405BA0054,502100.0,253068.0,-0.508634,52.166445,40,3,2,1,2,11:00,420,E06000055,3,6,3,70,5,4,3,6,0,0,1,1,1,0,0,2,1,E01017480,201220T033052,1,1,2,1,15,3,3,0,0,1,0,0,9,-1,
2015-01-19,201501MM70029,533200.0,178720.0,-0.082759,51.491744,1,3,2,1,2,16:41,8,E09000028,3,2,3,30,3,4,6,0,0,0,4,1,1,0,0,1,1,E01003961,201201KF60064,1,1,3,1,54,8,3,9,5,0,0,2,0,1,London
2015-01-19,201501MM70030,531740.0,179330.0,-0.103549,51.497567,1,3,1,2,2,17:00,8,E09000028,3,201,6,30,3,4,5,0,0,4,4,1,1,0,0,1,1,E01003932,201201KF60065,1,1,1,1,31,6,3,0,0,0,0,0,3,1,London
2015-01-19,201501KG70022,546930.0,182770.0,0.116558,51.524736,1,3,2,1,2,07:56,16,E09000002,5,0,6,30,3,4,5,0,0,0,1,1,1,0,0,1,1,E01000094,201201JC30526,1,1,2,2,31,6,3,0,0,1,0,0,9,1,London
2015-01-19,201501KG70025,546180.0,185750.0,0.106991,51.551707,1,3,1,1,2,16:40,16,E09000002,3,124,6,30,0,-1,-1,0,0,0,4,1,1,0,0,1,1,E01003738,201201JC30527,1,1,1,1,27,6,3,0,0,0,0,0,1,1,London
2015-01-19,201514K025115,437402.0,393509.0,-1.438458,53.437039,14,3,2,1,2,16:40,215,E08000019,4,6082,6,40,3,4,4,6086,0,0,1,1,2,0,0,1,1,E01008055,2012070295046,2,1,1,1,23,5,3,0,0,0,0,0,9,1,Sheffield
2015-01-19,201501MM70061,532190.0,179510.0,-0.097002,51.49908,1,3,2,1,2,10:00,8,E09000028,3,3,6,30,6,2,3,3202,0,5,1,1,1,0,0,1,1,E01003937,201201KF60084,2,1,1,1,19,4,3,0,0,0,0,0,5,1,London
2015-01-19,2015215000584,407337.0,329691.0,-1.89246,52.864653,21,3,2,1,2,10:00,251,E10000028,4,5013,6,60,0,-1,-1,0,0,0,1,1,1,0,0,2,2,E01029405,2012130180776,1,1,1,2,23,5,3,0,0,0,0,0,9,1,East Staffordshire
2015-01-19,20151321J1321,414101.0,431542.0,-1.787494,53.78002,13,3,2,1,2,19:05,200,E08000032,3,647,6,30,3,2,6,0,0,0,4,1,1,0,0,1,2,E01010663,201206G058254,1,1,1,1,37,7,2,0,0,0,0,0,5,1,Bradford
2015-01-19,20151321J0702,417919.0,438462.0,-1.729155,53.842099,13,3,2,1,2,13:30,200,E08000032,3,641,6,30,0,-1,-1,0,0,0,1,1,1,0,0,1,1,E01010685,201206G058160,1,1,1,2,32,6,3,0,0,0,0,0,9,1,Bradford
2015-01-19,2015555999039,397786.0,93693.0,-2.032743,50.74284,55,3,3,1,2,18:27,644,E10000009,3,35,7,60,1,4,3,350,0,0,6,1,1,0,0,2,1,E01020472,201242I064703,2,1,1,1,60,9,3,0,0,0,0,0,8,3,
2015-01-19,201504EF15019,385360.0,434030.0,-2.223766,53.80236,4,2,1,1,2,19:20,72,E10000017,3,6114,3,30,8,4,6,0,0,0,4,1,4,0,2,1,1,E01024892,201201XH30193,2,1,2,2,19,4,3,0,0,1,0,0,9,1,Burnley
2015-01-19,201550GT3J001,179660.0,42241.0,-5.091368,50.239,50,3,2,1,2,08:45,596,E06000052,6,0,6,60,3,4,6,0,0,0,1,3,3,0,0,2,1,E01018817,2012370193012,2,1,1,1,22,5,3,0,0,0,0,0,1,1,
2015-01-19,2015331500074,435440.0,313985.0,-1.476726,52.72236,33,3,1,2,2,20:10,366,E10000018,5,7113,6,60,0,-1,-1,0,0,0,6,8,4,0,0,2,1,E01025921,2012160C00231,2,1,1,2,57,9,3,0,0,0,0,0,9,2,North West Leicestershire
2015-01-19,2015530209302,392879.0,221818.0,-2.104889,51.894865,53,2,2,2,2,23:40,620,E10000013,3,40,6,40,3,2,4,4633,0,0,4,1,2,0,0,1,1,E01022106,20124100B0595,1,2,2,2,25,5,3,0,0,1,0,0,9,1,
2015-01-19,201506M096779,380680.0,391420.0,-2.292165,53.419223,6,3,2,1,2,16:52,112,E08000009,4,5166,6,30,3,4,4,5397,0,0,4,8,2,0,0,1,1,E01006176,201204CJ12153,2,1,2,1,16,4,3,0,0,1,0,0,9,1,Trafford
2015-01-19,2015540617615,383401.0,159697.0,-2.23966,51.336118,54,3,2,2,2,22:38,635,E06000054,3,363,6,30,0,-1,-1,0,0,0,4,1,2,0,0,2,1,E01032049,20124100D0625,2,3,2,1,57,9,3,0,0,1,0,0,19,1,
2015-01-19,201501PY20029,546970.0,168060.0,0.111026,51.392551,1,3,3,1,2,14:10,19,E09000006,3,224,3,30,3,4,6,0,0,0,1,1,1,0,0,1,1,E01000722,201201LX50487,1,1,3,2,49,8,3,1,9,0,0,2,0,1,London
2015-01-19,2015540616415,411670.0,184425.0,-1.833058,51.558588,54,3,2,1,2,21:48,633,E06000030,4,4534,1,30,1,4,4,4553,0,0,4,1,1,0,0,1,1,E01015569,20124100D0625,2,2,1,1,34,6,3,0,0,0,0,0,19,1,
2015-01-19,2015440020762,440732.0,112969.0,-1.421968,50.914754,44,3,1,1,2,19:50,500,E06000045,6,0,6,30,6,4,6,0,0,0,4,1,1,0,0,1,1,E01017191,201230D000159,1,2,2,1,29,6,3,0,0,1,0,0,9,-1,Southampton
2015-01-19,201501XD80048,516130.0,180280.0,-0.328004,51.509525,1,3,2,1,2,07:39,27,E09000009,3,4020,6,30,0,-1,-1,0,0,0,4,1,1,0,0,1,2,E01001389,201201TA00579,1,1,3,1,49,8,2,5,1,0,0,2,0,-1,London
2015-01-19,2015440020618,459318.0,113914.0,-1.157459,50.921644,44,2,2,2,2,15:25,502,E10000014,6,0,6,60,0,-1,-1,0,0,0,1,1,2,0,0,2,1,E01023277,201230D000158,1,1,1,2,36,7,3,0,0,0,0,0,1,1,Winchester
2015-01-19,201543S097015,486501.0,235208.0,-0.741163,52.008575,43,2,1,1,2,12:50,479,E06000042,5,129,6,60,0,-1,-1,0,0,0,1,1,1,0,0,1,1,E01033498,201230B001926,1,2,1,1,39,7,3,0,0,0,0,0,9,2,
2015-01-19,2015540591615,415320.0,147086.0,-1.782008,51.222766,54,3,2,1,2,09:10,635,E06000054,5,290,6,30,0,-1,-1,0,0,0,1,1,1,0,0,2,1,E01032696,20124100D0625,1,1,1,1,30,6,3,0,0,0,0,0,8,1,Salisbury
2015-01-19,2015540591015,390477.0,161599.0,-2.138138,51.353384,54,3,2,1,2,08:50,635,E06000054,3,350,6,60,0,-1,-1,0,0,0,1,1,1,0,0,2,1,E01032070,20124100D0623,1,1,1,1,25,5,3,0,0,0,0,0,19,3,
2015-01-19,2015331500099,448005.0,321703.0,-1.289579,52.790769,33,3,4,1,2,14:00,366,E10000018,1,1,3,70,0,-1,-1,0,0,0,1,1,1,0,0,2,1,E01025944,2012160C00371,1,1,1,1,18,4,3,0,0,0,0,0,3,2,North West Leicestershire
2015-01-19,2015331500216,453272.0,318544.0,-1.211996,52.761881,33,3,2,1,2,19:07,362,E10000018,3,6004,1,40,1,2,6,6201,0,5,4,6,2,0,0,1,1,E01025719,2012160C01221,2,2,1,2,28,6,3,0,0,0,0,0,9,1,Charnwood
2015-01-19,201550KH2H001,315917.0,101053.0,-3.194584,50.802911,50,3,1,1,2,17:55,580,E10000008,3,30,3,70,5,4,3,375,0,0,6,1,2,0,0,2,1,E01019932,2012370401512,2,2,2,2,51,8,3,0,0,1,0,0,9,1,East Devon
2015-01-19,2015540588715,412156.0,185018.0,-1.826028,51.56391,54,3,2,1,2,08:30,633,E06000030,6,0,6,30,8,4,6,0,0,0,1,1,2,0,0,1,1,E01015561,20124100D0619,2,1,1,1,33,6,3,0,0,0,0,0,1,1,
2015-01-19,201543P305015,449214.0,186928.0,-1.291177,51.579074,43,3,4,3,2,07:39,483,E10000025,3,34,3,70,0,-1,-1,0,0,0,1,1,2,0,0,2,1,E01028729,2012232599712,1,1,1,1,20,4,3,0,0,0,0,0,9,3,
2015-01-19,2015530209317,364400.0,216080.0,-2.518144,51.84218,53,3,2,2,2,15:15,622,E10000013,3,4136,6,40,7,2,3,4151,0,0,1,1,1,0,0,1,1,E01022240,20124100B0618,1,1,2,1,37,7,3,0,0,1,0,0,9,1,Forest of Dean
2015-01-19,201501EO40065,531380.0,182680.0,-0.107485,51.527756,1,3,2,1,2,17:32,3,E09000019,3,401,6,20,3,4,6,0,0,0,4,1,1,0,0,1,1,E01002726,201201CW10091,1,1,3,1,42,7,3,4,1,0,0,2,0,-1,London
2015-01-19,201501XD80173,512350.0,179240.0,-0.382779,51.500941,1,3,1,1,2,23:15,27,E09000009,5,0,6,30,6,2,5,0,0,5,4,1,1,0,0,1,2,E01001369,201201TA00684,1,3,2,2,15,3,2,0,0,2,0,0,9,1,London
2015-01-19,201543P139015,455639.0,198520.0,-1.196627,51.682694,43,3,2,1,2,17:51,484,E10000025,3,4074,6,60,0,-1,-1,0,0,0,6,8,1,0,0,2,1,E01028641,2012231010812,1,1,1,2,18,4,2,0,0,0,0,0,9,1,South Oxfordshire
2015-01-19,201520G002135,391380.0,296630.0,-2.128606,52.567427,20,3,2,2,2,15:00,309,E08000031,3,4039,6,30,3,4,6,0,0,0,1,1,1,0,0,1,2,E01010427,201211ND19852,2,2,1,2,50,8,3,0,0,0,0,0,9,2,Wolverhampton
2015-01-19,201501QA19116,515670.0,188540.0,-0.331916,51.583856,1,3,2,1,2,23:30,29,E09000015,3,409,6,30,3,2,5,0,0,5,4,1,1,0,0,1,2,E01002130,201201MM70722,1,1,2,1,21,5,3,0,0,1,0,0,8,1,London
2015-01-19,201543P151015,452685.0,205773.0,-1.238256,51.748185,43,3,2,1,2,17:55,482,E10000025,4,480,6,20,0,-1,-1,0,0,0,4,1,1,0,0,1,2,E01028580,2012231027412,2,1,1,1,37,7,3,0,0,0,0,0,1,1,Oxford
2015-01-19,201501HT20075,534200.0,182650.0,-0.066869,51.526824,1,3,1,1,2,15:40,5,E09000030,6,0,6,30,3,4,6,0,0,0,1,1,1,0,0,1,1,E01004313,201201EK40711,1,1,1,1,40,7,3,0,0,0,0,0,3,1,London
2015-01-19,201501HT20076,536080.0,182270.0,-0.039932,51.52296,1,2,1,1,2,19:19,5,E09000030,3,11,6,30,3,4,5,0,0,4,4,1,1,0,0,1,1,E01004261,201201EK40712,1,1,1,1,32,6,3,0,0,0,0,0,5,1,London
2015-01-19,201543P149015,451354.0,203557.0,-1.25786,51.728386,43,3,1,1,2,09:45,483,E10000025,3,423,3,70,1,2,3,34,0,0,1,1,1,0,0,2,1,E01028733,2012231023812,1,1,3,2,11,3,3,9,9,0,0,0,0,1,Vale of White Horse
2015-01-19,201501PL60065,538680.0,173670.0,-0.005854,51.445048,1,3,2,1,2,21:07,7,E09000023,3,205,6,30,3,4,6,0,0,0,4,1,1,0,0,1,1,E01003224,201201KG70152,1,1,1,1,47,8,3,0,0,0,0,0,8,1,London
2015-01-19,201520H002005,400120.0,301770.0,-1.999661,52.613704,20,3,2,2,2,18:00,307,E08000030,6,0,6,30,3,4,6,0,0,1,4,8,4,0,0,1,1,E01010287,201211NG03902,2,1,1,1,26,6,3,0,0,0,0,0,9,1,
2015-01-19,201501HT20084,534870.0,181860.0,-0.057519,51.519565,1,3,1,1,2,07:35,5,E09000030,3,11,6,30,3,4,3,11,0,0,1,1,2,0,0,1,2,E01004322,201201EK49037,2,1,1,1,28,6,3,0,0,0,0,0,5,1,London
2015-01-19,2015530209235,379130.0,210872.0,-2.304025,51.796103,53,3,2,1,2,22:20,624,E10000013,3,38,6,50,9,4,6,2537,0,0,6,1,1,0,0,2,1,E01022396,20124100B0478,2,5,2,2,55,8,3,0,0,2,0,0,9,1,
2015-01-19,201550EL2T003,251316.0,57164.0,-4.093239,50.395504,50,3,2,1,2,17:13,583,E06000026,6,0,6,30,3,4,6,0,0,0,1,1,4,0,0,1,1,E01015095,2012370045312,2,1,1,1,41,7,3,0,0,0,0,0,9,1,Plymouth
2015-01-19,201501QA10089,518190.0,189910.0,-0.295101,51.595647,1,3,1,1,2,17:20,29,E09000015,5,0,6,30,0,-1,-1,0,0,1,4,1,1,0,0,1,1,E01002202,201201MM70285,1,1,1,1,65,9,3,0,0,0,0,0,9,1,London
2015-01-19,201531D005715,468356.0,339627.0,-0.984084,52.94968,31,3,3,1,2,09:38,347,E10000024,3,52,1,60,1,4,3,46,0,0,1,1,2,0,0,2,1,E01028419,201214K068212,2,1,1,1,33,6,3,0,0,0,0,0,5,1,Rushcliffe
2015-01-19,201543P142015,447582.0,220209.0,-1.310189,51.878425,43,2,2,2,2,18:30,485,E10000025,6,379,6,30,0,-1,-1,0,0,0,6,1,2,0,0,2,1,E01032954,2012231015512,1,1,1,1,50,8,2,0,0,0,0,0,1,3,West Oxfordshire
2015-01-19,2015530209234,383172.0,214515.0,-2.245593,51.828994,53,2,2,1,2,09:10,623,E10000013,3,4173,6,30,8,-1,-1,-1,0,0,1,1,2,0,0,1,1,E01022345,20124100B0478,2,4,2,2,26,6,3,0,0,2,0,0,9,1,Gloucester
2015-01-19,201531D006715,470368.0,342067.0,-0.953615,52.971351,31,3,1,1,2,14:19,347,E10000024,5,254,6,40,0,-1,-1,0,0,0,1,1,4,0,0,2,1,E01028403,201214K068412,1,1,1,1,19,4,3,0,0,0,0,0,9,1,Rushcliffe
2015-01-19,201543P211015,469672.0,182013.0,-0.996956,51.532734,43,3,2,1,2,14:10,484,E10000025,6,266,6,30,3,4,6,0,0,0,1,1,1,0,0,2,1,E01028662,2012231123712,1,2,2,2,82,11,2,0,0,1,0,0,9,1,South Oxfordshire
2015-01-19,2015530209233,410328.0,240011.0,-1.850778,52.058386,53,2,1,1,2,09:24,621,E10000013,6,5577,9,30,0,-1,-1,0,0,0,1,1,2,0,0,2,1,E01022182,20124100B0478,1,3,2,2,7,2,3,0,0,2,0,0,9,1,Cotswold
2015-01-19,201550BN2B003,236074.0,73205.0,-4.314536,50.535589,50,3,2,1,2,09:16,596,E06000052,6,0,6,60,3,4,6,0,0,0,1,1,1,0,0,2,1,E01018967,2012360066562,2,1,1,2,49,8,3,0,0,0,0,0,9,1,
2015-01-19,201501XD80047,513030.0,180350.0,-0.372631,51.510782,1,3,1,1,2,19:30,27,E09000009,3,4020,3,30,0,-1,-1,0,0,0,4,1,2,0,0,1,1,E01001361,201201TA00578,1,1,1,1,80,11,2,0,0,0,0,0,9,1,London
2015-01-19,2015521500713,375219.0,164863.0,-2.357471,51.382269,52,2,1,1,2,10:00,611,E06000022,3,3039,2,20,0,-1,-1,0,0,0,1,1,1,0,0,1,1,E01014370,2012400CA0103,2,2,2,2,23,5,3,0,0,1,0,0,9,1,Bath
2015-01-19,201520S011715,403530.0,286490.0,-1.949457,52.476329,20,3,3,2,2,16:59,300,E08000025,4,4125,6,30,6,4,6,0,0,0,4,1,1,0,0,1,1,E01008986,2012120084328,1,2,2,1,18,4,3,0,0,1,0,0,9,1,Birmingham
2015-01-19,201506M096645,375230.0,390140.0,-2.374066,53.407489,6,3,2,2,2,16:35,112,E08000009,5,0,6,60,3,4,6,0,0,0,1,1,1,0,0,2,1,E01006087,201204CJ12149,2,1,1,2,17,4,3,0,0,0,0,0,9,3,Trafford
2015-01-19,201550KH2H002,316073.0,100592.0,-3.192265,50.798789,50,3,2,2,2,08:37,580,E10000008,3,373,6,30,3,2,3,373,0,4,1,1,2,0,0,1,1,E01019932,2012370401512,2,3,2,2,22,5,3,0,0,2,0,0,9,1,East Devon
2015-01-19,201520L000565,416190.0,281250.0,-1.763319,52.428995,20,3,2,1,2,08:49,306,E08000029,6,0,6,30,0,-1,-1,0,0,0,1,9,1,0,0,1,2,E01010116,201211SK30062,1,1,1,2,20,4,3,0,0,0,0,0,9,2,
2015-01-19,201501PY20060,541120.0,168120.0,0.027025,51.394574,1,3,2,1,2,13:10,19,E09000006,3,21,6,30,0,-1,-1,0,0,0,1,1,1,0,0,1,1,E01000671,201201LX50504,2,1,1,1,-1,-1,3,0,0,0,0,0,3,-1,London
2015-01-19,2015440020283,467685.0,135500.0,-1.034417,51.114803,44,2,2,2,2,09:37,497,E10000014,3,31,6,30,0,-1,-1,0,0,0,1,1,1,0,0,2,1,E01022593,201230D000154,2,2,2,2,39,7,3,0,0,1,0,0,9,1,East Hampshire
2015-01-19,201520N009675,411730.0,292070.0,-1.828535,52.526379,20,3,1,1,2,08:30,300,E08000025,6,0,6,30,2,4,6,0,0,0,1,9,2,0,0,1,2,E01009008,2012120057800,2,1,1,1,17,4,3,0,0,0,0,0,1,1,Birmingham
2015-01-19,201520L000545,417310.0,288770.0,-1.746459,52.496565,20,3,3,1,2,13:11,306,E08000029,6,0,7,30,0,-1,-1,0,0,0,1,1,1,0,0,1,1,E01010146,201211SK29812,1,1,1,2,20,4,3,0,0,0,0,0,9,1,
2015-01-19,201520L000555,417760.0,288150.0,-1.739864,52.490977,20,3,2,1,2,12:43,306,E08000029,4,4114,6,30,5,4,6,0,0,0,1,1,1,0,0,1,1,E01010145,201211SK29812,2,2,1,1,30,6,3,0,0,0,0,0,9,1,
2015-01-19,2015440020135,459415.0,138694.0,-1.152024,51.144436,44,3,1,1,2,09:00,490,E10000014,6,0,6,60,3,4,6,0,0,0,1,1,2,0,0,2,1,E01022561,201230D000153,1,4,2,2,1,1,3,0,0,2,0,0,9,2,Basingstoke and Deane
2015-01-19,2015440019903,457183.0,111401.0,-1.188223,50.899263,44,3,2,1,2,07:40,502,E10000014,3,334,6,30,6,4,6,0,0,4,7,1,2,0,0,2,1,E01023284,201230D000153,1,3,2,2,3,1,1,0,0,2,0,0,9,2,Winchester
2015-01-19,201543N157015,489154.0,196703.0,-0.712431,51.662047,43,3,2,1,2,17:22,480,E10000002,6,2087,6,30,3,4,6,2087,0,0,4,1,1,0,0,1,1,E01032610,201222F202449,1,3,2,2,14,3,3,0,0,2,0,0,9,3,
2015-01-19,201550GC2J002,190800.0,62662.0,-4.9467,50.426458,50,3,2,2,2,18:35,596,E06000052,3,3059,6,60,3,4,6,0,0,0,6,1,2,0,0,2,1,E01019062,2012370151912,2,1,2,1,12,3,3,0,0,1,0,0,9,1,
2015-01-19,2015440019895,438635.0,112927.0,-1.4518,50.91452,44,2,2,1,2,08:16,500,E06000045,6,0,6,30,8,4,6,0,0,0,1,1,1,0,0,1,1,E01017214,201230D000153,1,1,1,1,35,6,3,0,0,0,0,0,9,2,Southampton
2015-01-19,201506M096511,375800.0,387830.0,-2.365314,53.386752,6,2,2,1,2,10:42,112,E08000009,3,56,6,30,3,4,5,0,0,0,1,1,1,0,0,1,1,E01006076,201204CJ12147,1,3,2,2,7,2,3,0,0,1,0,0,9,1,Trafford
2015-01-19,201520T009195,414250.0,289060.0,-1.791519,52.49926,20,3,1,1,2,12:21,300,E08000025,6,0,6,30,1,4,6,0,0,0,1,1,1,0,0,1,1,E01009305,2012120123062,2,4,2,2,1,1,3,0,0,2,0,0,9,1,
2015-01-19,201543S087015,487335.0,235724.0,-0.728885,52.013082,43,3,2,1,2,15:55,479,E06000042,3,5,3,70,0,-1,-1,0,0,0,1,1,1,0,0,2,1,E01033498,201230B001627,1,1,1,1,62,9,3,0,0,0,0,0,9,3,
2015-01-19,2015440019791,442850.0,111210.0,-1.392048,50.898785,44,3,2,1,2,06:05,500,E06000045,4,3038,6,30,6,2,3,3025,0,5,4,1,1,0,0,1,1,E01017142,201230C002654,1,2,2,1,22,5,3,0,0,2,0,0,9,-1,Southampton
2015-01-19,2015440019806,443125.0,111213.0,-1.388137,50.898791,44,3,2,1,2,06:30,500,E06000045,3,3025,6,30,0,-1,-1,0,0,0,4,1,1,0,0,1,1,E01017142,201230D000151,1,1,1,1,26,6,2,0,0,0,0,0,9,-1,Southampton
2015-01-19,2015440019877,470695.0,107667.0,-0.99683,50.864197,44,3,1,1,2,08:35,495,E10000014,6,0,6,30,3,4,6,0,0,0,1,1,4,0,0,1,1,E01022900,201230D000151,1,2,2,1,-1,-1,3,0,0,2,0,0,9,-1,
2015-01-19,201550BN2B001,236248.0,75314.0,-4.31301,50.554588,50,3,2,2,2,08:44,596,E06000052,6,0,6,60,0,-1,-1,0,0,0,1,1,4,0,0,2,1,E01018967,2012360066560,1,1,3,1,73,10,3,6,8,0,0,0,0,1,
2015-01-19,2015440019891,473760.0,108064.0,-0.953206,50.867384,44,3,2,1,2,07:50,495,E10000014,4,2148,6,60,3,4,6,0,0,0,4,1,1,0,0,2,1,E01022925,201230D000152,2,1,1,1,43,7,2,0,0,0,0,0,1,1,
2015-01-19,2015440020294,445678.0,119282.0,-1.350827,50.97115,44,3,2,1,2,12:50,491,E10000014,3,335,1,30,1,4,3,335,0,8,1,1,1,0,0,1,1,E01022666,201230D000154,3,1,1,2,43,7,3,0,0,0,0,0,9,2,Eastleigh
2015-01-19,201520T005925,410960.0,287770.0,-1.840024,52.487739,20,3,3,1,2,12:06,300,E08000025,6,0,6,30,3,4,6,0,0,0,1,1,1,0,0,1,1,E01009195,2012120121219,1,1,3,1,77,11,2,6,8,0,0,0,0,2,Birmingham
2015-01-19,2015440020439,462894.0,138731.0,-1.10229,51.144398,44,2,1,1,2,12:45,497,E10000014,6,0,6,30,0,-1,-1,0,0,0,1,1,1,0,0,2,1,E01022591,201230D000155,1,1,3,1,45,7,3,9,6,0,0,0,0,-1,East Hampshire
2015-01-19,201520T004995,409950.0,287490.0,-1.854907,52.485241,20,3,2,1,2,20:50,300,E08000025,4,4516,6,30,6,4,4,4516,0,0,4,1,4,0,0,1,2,E01009192,2012120120909,1,2,2,1,22,5,3,0,0,0,0,0,3,3,Birmingham
2015-01-19,201543N127015,465677.0,236638.0,-1.044225,52.02428,43,3,1,1,2,08:48,476,E10000002,5,22,6,60,0,-1,-1,0,0,0,1,8,4,0,0,2,1,E01032960,201222F201803,1,1,2,2,24,5,3,0,0,2,0,0,9,1,
2015-01-19,201501PY20088,547030.0,169900.0,0.11265,51.409068,1,3,2,1,2,19:50,19,E09000006,3,224,6,30,3,4,6,0,0,0,4,1,1,0,0,1,2,E01000738,201201LX50529,2,1,1,2,28,6,3,0,0,0,0,0,1,-1,London
2015-01-19,2015521500859,363668.0,189964.0,-2.526035,51.60733,52,3,1,1,2,14:15,612,E06000025,4,4061,6,30,0,-1,-1,0,0,1,1,1,1,0,0,1,1,E01014991,2012400CA0169,1,1,1,1,26,6,3,0,0,0,0,0,9,1,
2015-01-19,201543S069015,484864.0,233630.0,-0.765397,51.994643,43,3,2,1,2,09:40,479,E06000042,6,1030,6,30,3,4,6,1030,0,0,1,1,1,0,0,1,1,E01016829,201230B001309,2,2,2,2,25,5,3,0,0,1,0,0,9,1,
2015-01-19,2015331500079,454550.0,284995.0,-1.198582,52.460186,33,3,2,1,2,17:20,363,E10000018,3,426,6,40,0,-1,-1,0,0,0,4,1,2,0,0,2,1,E01025793,2012160C00261,2,1,1,2,40,7,3,0,0,0,0,0,19,3,Harborough
2015-01-19,201543N216015,495421.0,201188.0,-0.620627,51.701333,43,3,2,2,2,18:18,478,E10000002,4,485,6,30,3,4,6,4148,0,0,4,1,2,0,0,2,1,E01017792,201222F203943,2,1,1,2,49,8,3,0,0,0,0,0,9,1,
2015-01-19,2015520500869,322192.0,125070.0,-3.110683,51.019718,52,3,4,2,2,17:50,608,E10000027,3,3027,6,30,0,-1,-1,0,0,0,4,2,2,0,0,1,1,E01029289,2012370464712,1,1,3,1,16,4,3,5,1,0,0,0,0,1,Somerset West and Taunton
2015-01-19,2015521501336,370146.0,154457.0,-2.429488,51.288459,52,3,1,1,2,15:35,611,E06000022,6,0,6,30,6,4,6,0,0,4,1,1,2,0,0,1,1,E01014450,2012400CA0343,1,1,1,1,33,6,3,0,0,0,0,0,9,-1,
2015-01-19,2015440020610,465534.0,154422.0,-1.061693,51.285175,44,3,2,1,2,17:02,490,E10000014,3,33,1,30,1,4,6,0,0,0,4,1,2,0,0,2,1,E01022523,201230D000157,1,2,2,1,31,6,3,0,0,1,0,0,9,-1,Basingstoke and Deane