Date,Accident_Index_x,Location_Easting_OSGR,Location_Northing_OSGR,Longitude,Latitude,Police_Force,Accident_Severity,Number_of_Vehicles,Number_of_Casualties,Day_of_Week,Time,Local_Authority_(District),Local_Authority_(Highway),1st_Road_Class,1st_Road_Number,Road_Type,Speed_limit,Junction_Detail,Junction_Control,2nd_Road_Class,2nd_Road_Number,Pedestrian_Crossing-Human_Control,Pedestrian_Crossing-Physical_Facilities,Light_Conditions,Weather_Conditions,Road_Surface_Conditions,Special_Conditions_at_Site,Carriageway_Hazards,Urban_or_Rural_Area,Did_Police_Officer_Attend_Scene_of_Accident,LSOA_of_Accident_Location,Accident_Index_y,Vehicle_Reference,Casualty_Reference,Casualty_Class,Sex_of_Casualty,Age_of_Casualty,Age_Band_of_Casualty,Casualty_Severity,Pedestrian_Location,Pedestrian_Movement,Car_Passenger,Bus_or_Coach_Passenger,Pedestrian_Road_Maintenance_Worker,Casualty_Type,Casualty_Home_Area_Type,city
2015-01-19,2015331505030,446870.0,330030.0,-1.305216,52.865718,33,3,2,1,2,09:20,366,E10000018,1,1,3,70,0,-1,-1,0,0,0,1,1,1,0,0,2,1,E01025925,2012160D06591,1,1,1,1,35,6,2,0,0,0,0,0,9,1,North West Leicestershire
2015-01-19,201550GN2L001,185500.0,62434.0,-5.021079,50.422498,50,3,1,1,2,13:23,596,E06000052,3,3059,6,60,0,-1,-1,0,0,0,1,1,2,7,0,2,1,E01019050,2012370163212,2,1,2,2,15,3,3,0,0,2,0,0,9,-1,
2015-01-19,2015520500910,320053.0,135540.0,-3.14349,51.113553,52,3,2,1,2,13:29,607,E10000027,6,0,6,60,0,-1,-1,0,0,0,1,2,2,0,0,2,1,E01029125,2012370464912,1,1,1,1,41,7,3,0,0,0,0,0,9,1,Sedgemoor
2015-01-19,2015440020578,479489.0,158563.0,-0.86071,51.320629,44,3,2,1,2,17:00,494,E10000014,3,30,6,60,1,4,6,0,0,0,7,1,1,0,0,1,2,E01022879,201230D000157,1,1,1,2,42,7,3,0,0,0,0,0,9,-1,Hart
2015-01-19,2015521500468,371649.0,181397.0,-2.410098,51.530763,52,3,2,1,2,09:10,612,E06000025,6,0,6,30,1,4,6,0,0,0,1,1,2,0,0,1,1,E01014894,2012400CA0041,2,1,1,2,20,4,3,0,0,0,0,0,9,1,
2015-01-19,201506F096420,382890.0,399970.0,-2.259381,53.49615,6,3,2,1,2,17:11,107,E08000006,3,5066,6,30,6,2,5,0,0,0,4,1,1,0,0,1,1,E01005609,201204BA12064,1,1,1,1,21,5,3,0,0,0,0,0,5,3,Salford
2015-01-19,2015120010514,461849.0,432605.0,-1.062756,53.786101,12,3,1,1,2,15:25,187,E10000023,3,19,6,20,6,4,6,1431,2,4,1,1,2,0,0,1,1,E01027878,201205FF05539,1,1,1,2,40,7,3,0,0,0,0,0,9,2,Selby
2015-01-19,2015120010475,491300.0,476203.0,-0.602833,54.173506,12,3,5,2,2,15:45,185,E10000023,3,64,6,60,3,4,6,1811,0,0,1,1,2,0,0,2,1,E01027796,201205FF05522,2,1,1,1,68,10,3,0,0,0,0,0,1,1,Ryedale
2015-01-19,201520T009695,407480.0,284670.0,-1.891342,52.459928,20,3,2,1,2,13:15,300,E08000025,6,0,6,30,0,-1,-1,0,0,0,1,2,1,0,0,1,2,E01009374,2012120123940,2,2,1,2,65,9,2,0,0,0,0,0,9,3,Birmingham
2015-01-19,2015440020538,439812.0,123200.0,-1.433938,51.006814,44,3,2,1,2,15:15,501,E10000014,3,3090,6,30,3,4,6,0,0,0,1,1,1,0,0,2,2,E01023158,201230D000156,2,1,1,2,31,6,3,0,0,0,0,0,9,1,Test Valley
2015-01-19,2015521500834,365389.0,173804.0,-2.499591,51.462143,52,3,1,1,2,08:47,612,E06000025,6,0,6,30,3,4,3,420,0,0,1,2,2,0,0,1,1,E01014927,2012400CA0150,2,1,1,1,25,5,3,0,0,0,0,0,9,1,
2015-01-19,2015520500906,325096.0,142384.0,-3.072887,51.175766,52,3,2,1,2,08:57,607,E10000027,6,0,6,60,0,-1,-1,0,0,0,1,1,1,0,0,2,1,E01029121,2012370464812,2,2,2,2,20,4,3,0,0,1,0,0,9,3,Sedgemoor
2015-01-19,2015331500110,448017.0,321711.0,-1.2894,52.79084,33,3,3,1,2,07:00,366,E10000018,1,1,3,70,0,-1,-1,0,0,0,4,1,2,0,0,2,1,E01025944,2012160C00481,2,1,1,1,62,9,2,0,0,0,0,0,1,1,North West Leicestershire
2015-01-19,201543R196015,484605.0,176622.0,-0.783012,51.482235,43,2,1,1,2,18:15,474,E06000040,6,7411,6,60,0,-1,-1,0,0,0,6,1,4,0,0,2,1,E01016578,2012233642912,2,1,1,1,37,7,3,0,0,0,0,0,9,1,
2015-01-19,2015170S10135,444831.0,523033.0,-1.307579,54.600492,17,3,3,1,2,17:45,245,E06000004,3,19,3,70,0,-1,-1,0,0,0,6,1,2,0,0,2,1,E01012210,2012100521712,2,1,1,2,45,7,3,0,0,0,0,0,22,1,
2015-01-19,201531D021315,457075.0,333432.0,-1.153047,52.895314,31,2,2,1,2,19:33,347,E10000024,6,0,6,30,8,4,6,0,0,0,4,1,2,0,0,1,1,E01028407,201214K072312,1,1,2,2,50,8,3,0,0,2,0,0,8,-1,Rushcliffe
2015-01-19,201520S005085,400190.0,276670.0,-1.998633,52.388057,20,3,2,1,2,16:54,300,E08000025,4,4120,3,30,3,3,6,0,0,0,4,1,2,0,0,1,1,E01009163,2012120081030,1,1,1,1,68,10,3,0,0,0,0,0,1,2,Birmingham
2015-01-19,2015440022136,465178.0,99986.0,-1.076576,50.795782,44,3,2,1,2,17:00,498,E06000044,3,2030,1,30,1,4,6,0,0,0,7,1,1,0,0,1,2,E01017028,201230D000171,2,1,1,1,36,7,2,0,0,0,0,0,5,1,Portsmouth
2015-01-19,201501GD10042,535560.0,185460.0,-0.046195,51.55175,1,3,2,1,2,08:00,4,E09000012,6,0,2,30,3,4,6,0,0,0,4,1,1,0,0,1,2,E01001733,201201CW11675,3,2,1,1,42,7,3,0,0,0,0,0,19,-1,London
2015-01-19,2015320003205,547343.0,356341.0,0.198435,53.083962,32,3,1,1,2,09:32,351,E10000019,5,634,6,30,0,-1,-1,0,0,0,1,1,4,0,0,2,1,E01026111,201214K215312,1,1,1,1,36,7,3,0,0,0,0,0,8,1,East Lindsey
2015-01-19,2015440022676,456063.0,108255.0,-1.204629,50.871086,44,3,1,1,2,08:00,492,E10000014,6,0,6,30,0,-1,-1,0,0,0,1,1,4,0,0,1,2,E01022729,201230D000174,2,2,1,1,45,7,3,0,0,0,0,0,9,1,
2015-01-19,201520L001475,416400.0,289240.0,-1.75984,52.500818,20,3,2,1,2,08:00,306,E08000029,4,4114,6,30,0,-1,-1,0,0,4,1,8,2,0,0,1,1,E01010123,201211SL06362,1,1,1,1,21,5,1,0,0,0,0,0,9,2,
2015-01-19,201543P230015,432802.0,209173.0,-1.525928,51.780266,43,3,2,1,2,09:00,485,E10000025,6,185,6,60,0,-1,-1,0,0,0,1,1,4,0,0,2,1,E01028820,2012232510112,1,1,3,1,64,9,3,5,3,0,0,0,0,-1,West Oxfordshire
2015-01-19,2015331500055,453140.0,320461.0,-1.213641,52.779125,33,3,2,1,2,17:45,362,E10000018,3,6004,6,30,3,2,6,6846,0,5,4,1,1,0,0,1,1,E01025704,2012160C00121,2,1,1,1,18,4,3,0,0,0,0,0,3,1,Charnwood
2015-01-19,201550DE2D002,294222.0,93950.0,-3.500311,50.7355,50,3,2,1,2,08:50,581,E10000008,6,0,6,30,0,-1,-1,0,0,0,1,8,4,0,0,1,1,E01019991,2012360067896,2,1,1,2,30,6,3,0,0,0,0,0,9,-1,Exeter
2015-01-19,201501PL60076,536990.0,176450.0,-0.029081,51.47044,1,3,2,1,2,13:35,7,E09000023,3,20,6,30,3,4,6,0,0,0,1,1,1,0,0,1,1,E01003210,201201KG70159,1,1,1,1,21,5,3,0,0,0,0,0,9,1,London
2015-01-19,201543W134015,446998.0,166396.0,-1.32588,51.394662,43,3,1,1,2,17:29,471,E06000037,6,7139,1,30,1,4,6,7139,0,1,4,1,1,0,0,1,1,E01016320,201230C001055,1,1,3,1,31,6,3,6,9,0,0,0,0,2,
2015-01-19,201501QA10060,517980.0,190710.0,-0.297863,51.602881,1,3,2,1,2,17:00,29,E09000015,3,4140,3,30,3,4,6,0,0,0,4,1,1,0,0,1,1,E01002203,201201MM70270,2,1,1,1,44,7,3,0,0,0,0,0,3,1,London
2015-01-19,201520J002145,394540.0,290520.0,-2.081883,52.51254,20,3,1,1,2,10:00,303,E08000027,6,0,6,30,8,4,3,459,0,0,1,1,1,0,0,1,2,E01009757,201211NI25972,1,1,3,2,59,9,3,4,1,0,0,0,0,1,
2015-01-19,2015331500061,451429.0,319048.0,-1.239226,52.76659,33,3,2,1,2,18:53,362,E10000018,6,7773,6,30,3,4,6,7774,0,0,4,8,2,0,0,1,1,E01025689,2012160C00171,1,1,1,1,45,7,3,0,0,0,0,0,9,1,Charnwood
2015-01-19,201543R127015,496170.0,181358.0,-0.615226,51.52296,43,3,1,1,2,12:19,473,E06000039,3,355,6,30,0,-1,-1,0,0,0,1,1,2,0,0,1,1,E01016483,2012233129712,2,1,1,1,20,4,3,0,0,0,0,0,9,2,
2015-01-19,201543P193015,453927.0,187224.0,-1.223123,51.581304,43,3,2,1,2,19:16,483,E10000025,4,4016,6,60,0,-1,-1,0,0,0,6,2,2,0,0,2,1,E01028712,2012231092912,1,2,2,1,21,5,3,0,0,2,0,0,9,-1,South Oxfordshire
2015-01-19,201520H000755,399650.0,300450.0,-2.006601,52.601838,20,3,2,1,2,06:40,307,E08000030,6,0,6,30,3,4,6,0,0,0,4,8,4,0,0,1,2,E01010275,201211NF26462,1,1,1,2,30,6,3,0,0,0,0,0,9,1,
2015-01-19,201520K001415,399580.0,292450.0,-2.007622,52.529919,20,3,2,3,2,20:35,305,E08000028,3,4196,6,30,6,2,4,4149,0,5,4,2,2,0,0,1,1,E01009991,201211SC31562,1,3,2,2,77,11,2,0,0,1,0,0,9,2,Sandwell
2015-01-19,201543P161015,447041.0,241783.0,-1.315097,52.072423,43,3,2,1,2,14:25,481,E10000025,3,422,1,60,1,4,1,40,0,0,1,1,1,0,0,2,2,E01028437,2012231039512,1,1,1,1,70,10,3,0,0,0,0,0,9,1,Cherwell
2015-01-19,201520L001105,414400.0,283720.0,-1.789538,52.45125,20,3,2,1,2,09:40,306,E08000029,6,0,6,30,9,4,6,0,0,0,1,8,4,0,0,1,1,E01010159,201211SL00342,1,6,2,1,17,4,3,0,0,2,0,0,9,2,
2015-01-19,201501QA10070,516880.0,192240.0,-0.313229,51.616861,1,3,1,1,2,00:10,29,E09000015,3,410,6,30,3,4,6,0,0,4,4,1,2,0,0,1,1,E01002226,201201MM70274,1,1,3,1,21,5,3,5,3,0,0,2,0,1,London
2015-01-19,201504SA15034,351850.0,428710.0,-2.731698,53.752519,4,3,2,1,2,16:25,83,E10000017,6,0,6,20,6,4,6,0,0,0,1,1,1,0,0,1,1,E01025426,201201XH30805,1,2,2,2,43,7,3,0,0,1,0,0,9,1,South Ribble
2015-01-19,201550JN2A002,287363.0,71383.0,-3.590605,50.531347,50,3,1,1,2,00:15,585,E10000008,3,380,3,30,0,-1,-1,0,0,0,6,1,2,0,0,2,1,E01020211,2012370278312,2,13,2,2,15,3,3,0,0,0,4,0,11,1,Teignbridge
2015-01-19,201501QK50109,523690.0,185860.0,-0.217164,51.55807,1,3,2,1,2,16:15,28,E09000005,3,5,6,30,8,4,6,0,0,5,4,8,1,0,0,1,1,E01000553,201201MM70814,1,1,3,1,88,11,3,5,1,0,0,2,0,1,London
2015-01-19,201543P202015,449001.0,213456.0,-1.290532,51.817591,43,3,2,1,2,15:46,481,E10000025,6,265,6,30,3,4,6,0,0,0,1,1,2,0,0,1,1,E01028494,2012231108912,1,1,1,2,25,5,3,0,0,0,0,0,1,1,Cherwell
2015-01-19,2015320003559,539719.0,366187.0,0.088976,53.174456,32,3,2,1,2,22:05,351,E10000019,3,16,6,30,6,4,4,1195,0,0,4,1,1,0,0,2,1,E01026101,201214K217012,1,1,1,1,34,6,2,0,0,0,0,0,1,2,East Lindsey
2015-01-19,201501WW50085,527740.0,171150.0,-0.164093,51.424972,1,3,2,2,2,14:00,10,E09000032,3,217,6,30,3,4,6,0,0,0,1,1,1,0,0,1,1,E01004528,201201SX20733,1,1,2,2,74,10,3,0,0,0,4,0,11,1,London
2015-01-19,201534NW01515,485362.0,263656.0,-0.750621,52.264452,34,3,2,1,2,15:00,386,E10000021,4,573,6,30,3,4,6,9007,0,0,1,1,1,0,0,2,1,E01027325,2012170L21322,1,1,3,1,7,2,3,5,2,0,0,0,0,1,
2015-01-19,2015331500111,459480.0,306007.0,-1.122273,52.648545,33,3,1,1,2,11:00,364,E06000016,6,2517,2,30,0,-1,-1,0,0,0,1,1,1,0,0,1,1,E01013713,2012160C00491,2,1,1,2,56,9,2,0,0,0,0,0,1,1,Leicester
2015-01-19,201543W128015,448037.0,173534.0,-1.309982,51.458752,43,3,2,1,2,18:31,471,E06000037,3,34,3,70,5,4,3,34,0,0,6,1,4,0,0,2,1,E01016277,201230C001034,2,1,1,1,13,3,3,0,0,0,0,0,1,-1,
2015-01-19,2015320003136,501296.0,360229.0,-0.487518,53.12961,32,3,2,1,2,07:35,353,E10000019,3,15,6,60,6,4,4,1202,0,0,1,1,2,0,0,2,1,E01026211,201214K214712,1,1,3,1,6,2,3,5,1,0,0,0,0,1,North Kesteven
2015-01-19,201550JN2B002,286915.0,72903.0,-3.597385,50.544924,50,3,2,1,2,12:38,585,E10000008,4,3195,6,30,0,-1,-1,0,0,0,1,1,1,0,0,1,1,E01020252,2012370280012,2,1,1,1,15,3,3,0,0,0,0,0,1,3,Teignbridge
2015-01-19,201543S128015,486460.0,236884.0,-0.741338,52.023646,43,3,2,1,2,14:10,479,E06000042,5,157,6,40,3,4,6,1069,0,0,1,1,2,0,0,1,1,E01016848,201230B002566,1,1,2,2,75,10,3,0,0,2,0,0,9,-1,
2015-01-19,201504SA15046,356910.0,432000.0,-2.655427,53.782531,4,3,2,1,2,07:15,79,E10000017,4,6243,6,30,3,4,6,0,0,0,4,1,1,0,0,1,1,E01025287,201201XH30813,2,1,1,1,42,7,3,0,0,0,0,0,9,1,Preston
2015-01-19,201550BW3L001,190689.0,75802.0,-4.955619,50.54443,50,3,2,2,2,15:55,596,E06000052,6,0,6,40,0,-1,-1,0,0,0,1,1,2,0,0,2,1,E01018957,2012360066929,2,1,1,1,65,9,3,0,0,0,0,0,9,3,
2015-01-19,201550DE2U001,294286.0,90406.0,-3.498387,50.703653,50,2,1,1,2,13:12,581,E10000008,3,3015,6,30,3,2,6,0,0,5,1,1,1,0,0,1,1,E01020035,2012360068320,1,1,1,2,24,5,3,0,0,0,0,0,9,3,Exeter
2015-01-19,2015521500445,360652.0,170829.0,-2.567441,51.435084,52,3,1,1,2,11:45,601,E06000023,3,37,2,30,3,4,4,3122,0,4,1,1,1,0,0,1,2,E01014648,2012400CA0033,1,1,3,2,21,5,3,5,1,0,0,0,0,1,Bristol
2015-01-19,201550DE2T003,294023.0,89410.0,-3.501824,50.694651,50,3,3,1,2,14:30,581,E10000008,3,379,3,30,0,-1,-1,0,0,0,1,1,1,0,0,2,2,E01020012,2012360068284,2,1,2,1,74,10,2,0,0,1,0,0,9,1,Exeter
2015-01-19,201520H001575,397680.0,302020.0,-2.035699,52.615946,20,3,2,1,2,11:55,307,E08000030,6,0,6,30,6,4,6,0,0,0,1,1,1,0,0,1,1,E01010397,201211NG00072,2,1,1,2,29,6,3,0,0,0,0,0,9,1,
2015-01-19,201520G001065,391170.0,301650.0,-2.13184,52.612552,20,3,2,1,2,18:30,309,E08000031,3,449,3,40,0,-1,-1,0,0,0,4,1,2,0,0,1,1,E01010435,201211ND17552,1,1,1,1,36,7,2,0,0,0,0,0,5,1,Wolverhampton
2015-01-19,2015320003165,504996.0,344785.0,-0.437271,52.99012,32,3,2,1,2,10:25,353,E10000019,4,1517,1,60,1,4,3,15,0,0,1,1,2,0,0,2,1,E01026234,201214K215112,1,1,1,1,21,5,3,0,0,0,0,0,9,1,North Kesteven
2015-01-19,201504EF15022,384400.0,431990.0,-2.238238,53.783997,4,3,1,1,2,13:45,72,E10000017,6,0,6,20,3,4,6,0,0,0,1,1,1,0,0,1,1,E01024906,201201XH30195,2,2,1,1,17,4,3,0,0,0,0,0,2,1,Burnley
2015-01-19,201520K002715,400180.0,286280.0,-1.998778,52.474451,20,3,2,1,2,19:27,305,E08000028,6,0,6,30,6,4,6,0,0,0,4,9,1,0,0,1,1,E01009940,201211SJ00802,2,2,1,1,34,6,3,0,0,0,0,0,9,1,Sandwell
2015-01-19,201501XD80040,514490.0,182570.0,-0.350882,51.530441,1,3,2,1,2,07:42,27,E09000009,3,4127,6,30,3,4,6,0,0,8,1,1,1,0,0,1,1,E01001260,201201TA00573,1,1,1,1,37,7,2,0,0,0,0,0,5,1,London
2015-01-19,2015170S30095,446022.0,516294.0,-1.290198,54.539828,17,2,2,3,2,17:45,245,E06000004,6,0,1,30,1,4,6,0,0,0,4,1,2,0,0,1,2,E01012284,2012100566712,1,1,1,2,27,6,3,0,0,0,0,0,9,1,
2015-01-19,201501QK50038,523490.0,183420.0,-0.220903,51.536185,1,3,1,1,2,16:25,28,E09000005,5,0,6,30,3,4,6,0,0,0,1,1,1,0,0,1,1,E01000581,201201MM70750,1,1,2,1,38,7,3,0,0,0,1,0,11,1,London
2015-01-19,201550JC3L001,272156.0,82610.0,-3.808924,50.629132,50,3,2,1,2,12:52,585,E10000008,6,0,6,40,0,-1,-1,0,0,0,1,1,1,0,0,2,1,E01020259,2012370231712,2,1,1,2,48,8,2,0,0,0,0,0,3,1,Teignbridge
2015-01-19,201543W131015,478770.0,171428.0,-0.868178,51.436384,43,3,2,1,2,21:32,475,E06000041,2,329,3,70,0,-1,-1,0,0,0,6,1,1,0,0,2,1,E01016701,201230C001046,1,1,1,1,50,8,2,0,0,0,0,0,9,1,
2015-01-20,201501EK40029,524300.0,185100.0,-0.208637,51.551106,1,3,2,1,3,04:36,28,E09000005,3,5,6,30,3,4,6,0,0,0,4,1,1,0,0,1,1,E01000558,201201BS70285,1,1,2,2,65,9,3,0,0,0,3,0,11,1,London
2015-01-20,201501EK40041,530930.0,182080.0,-0.11419,51.522468,1,2,2,1,3,12:40,2,E09000007,6,0,6,30,3,4,3,5200,0,1,1,1,1,0,6,1,1,E01000920,201201BS70295,1,1,1,1,39,7,3,0,0,0,0,0,3,1,London
2015-01-20,201537EA87376,624537.0,245919.0,1.274476,52.066104,37,3,2,1,3,14:40,415,E10000029,3,12,3,70,1,4,6,0,0,0,5,1,1,0,0,2,1,E01030190,201220N037382,2,1,1,1,29,6,3,0,0,0,0,0,9,1,East Suffolk
2015-01-20,201542I019201,544092.0,209118.0,0.08652,51.762212,42,3,2,3,3,19:35,457,E10000012,3,1025,2,30,3,2,6,0,0,0,7,1,1,0,0,2,2,E01021868,2012212005530,2,2,1,1,28,6,3,0,0,0,0,0,8,1,
2015-01-20,201501EK40037,530460.0,181670.0,-0.121113,51.518893,1,3,2,1,3,08:52,2,E09000007,3,4200,6,30,6,2,3,401,0,5,1,1,1,0,0,1,1,E01000914,201201BS70291,2,1,1,1,29,6,3,0,0,0,0,0,5,1,London
2015-01-20,201537EA87375,572802.0,274201.0,0.53502,52.338668,37,3,2,1,3,08:55,411,E10000029,3,1065,1,60,1,4,3,11,0,0,1,1,2,0,0,2,1,E01029945,201220N037162,2,1,1,1,46,8,3,0,0,0,0,0,1,1,West Suffolk
2015-01-20,2015100035315,424525.0,563658.0,-1.618465,54.966948,10,2,1,1,3,06:00,147,E08000021,6,1034,6,30,0,-1,-1,0,0,0,4,2,2,7,0,1,1,E01033545,201205AA01574,1,1,2,1,21,5,3,0,0,1,0,0,8,1,Newcastle upon Tyne
2015-01-20,201501EK40033,529090.0,184030.0,-0.139983,51.540416,1,3,1,1,3,09:10,2,E09000007,3,503,6,30,6,2,3,400,0,5,1,9,1,0,0,1,2,E01000856,201201BS70288,1,1,3,2,21,5,3,5,1,0,0,2,0,1,London
2015-01-20,201543S075015,487347.0,242222.0,-0.727052,52.071487,43,3,2,2,3,11:44,479,E06000042,1,1,3,70,0,-1,-1,0,0,0,1,1,2,0,0,1,1,E01016803,201230B001594,1,1,1,1,33,6,3,0,0,0,0,0,1,1,
2015-01-20,201501TX20039,521500.0,178260.0,-0.251357,51.490242,1,3,2,1,3,17:33,25,E09000018,3,316,6,30,3,4,6,0,0,1,4,1,1,0,0,1,1,E01002569,201201RG40221,1,1,3,2,65,9,3,1,3,0,0,2,0,-1,London
2015-01-20,201542I019101,570481.0,207081.0,0.467551,51.736509,42,3,2,1,3,08:30,454,E10000012,6,0,6,30,3,4,6,0,0,0,1,1,1,0,0,1,2,E01021574,2012212005530,1,1,1,1,27,6,3,0,0,0,0,0,9,1,Chelmsford
2015-01-20,2015160C00581,520387.0,447702.0,-0.16875,53.911492,16,3,1,1,3,09:00,231,E06000011,6,0,6,20,0,-1,-1,0,0,1,1,2,2,0,0,2,2,E01013049,2012100177612,1,1,1,1,31,6,3,0,0,0,0,0,4,1,
2015-01-20,2015621500128,286308.0,196045.0,-3.644774,51.651664,62,2,2,1,3,19:08,743,W06000012,3,4107,6,30,0,-1,-1,0,0,0,1,1,1,0,0,1,3,W01000920,201242I260808,3,1,1,2,23,5,3,0,0,0,0,0,9,1,
2015-01-20,201520T010135,412260.0,285400.0,-1.820966,52.466405,20,3,2,1,3,11:45,300,E08000025,6,0,6,30,3,4,6,0,0,0,1,1,1,0,0,1,2,E01008881,2012120124104,2,1,1,1,63,9,3,0,0,0,0,0,1,1,Birmingham
2015-01-20,201514A009715,455854.0,404538.0,-1.158771,53.534534,14,3,2,2,3,18:15,211,E08000017,3,638,3,40,0,-1,-1,0,0,0,4,1,2,0,0,1,1,E01007516,2012070098524,2,1,1,1,18,4,2,0,0,0,0,0,3,3,Doncaster
2015-01-20,2015521500466,359056.0,178071.0,-2.591241,51.500084,52,3,2,1,3,07:41,601,E06000023,6,0,6,20,0,-1,-1,0,0,0,7,1,1,0,0,1,2,E01014631,2012400CA0040,2,1,1,1,21,5,3,0,0,0,0,0,9,1,Bristol
2015-01-20,2015331500329,455496.0,292737.0,-1.183373,52.529684,33,3,2,1,3,10:10,360,E10000018,3,426,6,60,3,4,6,5102,0,0,1,1,2,0,0,2,1,E01025613,2012160C01941,1,1,1,2,17,4,3,0,0,0,0,0,9,3,
2015-01-20,201550EL2C001,250219.0,57006.0,-4.108599,50.393805,50,3,2,2,3,17:10,583,E06000026,6,0,1,30,2,4,6,0,0,0,4,2,2,0,0,1,1,E01015063,2012370008312,1,1,1,2,17,4,3,0,0,0,0,0,9,1,Plymouth
2015-01-20,201520S009685,403250.0,281510.0,-1.953626,52.43156,20,3,2,1,3,13:40,300,E08000025,6,0,6,30,6,4,6,0,0,0,1,8,1,0,0,1,1,E01009294,2012120083637,1,1,1,1,32,6,3,0,0,0,0,0,9,2,Birmingham
2015-01-20,2015610002715,319085.0,211962.0,-3.174827,51.800426,61,3,1,1,3,14:58,730,W06000019,3,4047,6,30,6,4,6,0,0,0,1,3,3,0,0,1,1,W01001448,201242I199606,2,3,2,2,28,6,3,0,0,1,0,0,9,1,
2015-01-20,201520M004535,434450.0,282080.0,-1.49469,52.435615,20,3,1,1,3,00:06,302,E08000026,3,444,1,30,1,4,4,4113,0,0,4,8,4,0,0,1,1,E01009567,2012120014096,1,2,2,1,15,3,3,0,0,1,0,0,9,1,Coventry
2015-01-20,201501KF60045,543110.0,182260.0,0.061326,51.521134,1,3,1,1,3,07:05,17,E09000025,3,13,3,50,0,-1,-1,0,0,0,1,1,4,0,0,1,1,E01003482,201201HT20737,1,1,1,1,32,6,3,0,0,0,0,0,1,1,London
2015-01-20,2015621500145,311053.0,186898.0,-3.28488,51.573906,62,3,2,1,3,15:12,744,W06000016,3,470,3,70,0,-1,-1,0,0,0,1,1,2,0,0,1,1,W01001184,201242I262208,1,1,1,1,22,5,2,0,0,0,0,0,3,1,
2015-01-20,201520M002405,434650.0,282840.0,-1.491669,52.442435,20,3,2,1,3,07:10,302,E08000026,6,0,6,30,0,-1,-1,0,0,0,4,1,4,0,0,1,1,E01009575,2012120010659,2,3,2,2,55,8,3,0,0,2,0,0,9,2,Coventry
2015-01-20,201501XD80051,514390.0,185040.0,-0.351521,51.552661,1,3,3,1,3,13:20,27,E09000009,3,4090,6,30,3,4,6,0,0,0,1,1,1,0,0,1,1,E01001271,201201TA00581,2,1,1,1,-1,-1,2,0,0,0,0,0,1,-1,London
2015-01-20,2015300012324,443640.0,355280.0,-1.349795,53.092952,30,3,1,1,3,23:31,321,E10000007,3,38,3,70,5,4,6,0,0,0,6,6,3,0,0,2,1,E01019518,2012130508569,1,1,3,2,16,4,3,5,3,0,0,0,0,1,Bolsover
2015-01-20,201501MM70052,535990.0,178600.0,-0.042642,51.490002,1,3,2,1,3,09:10,7,E09000023,3,200,6,30,3,4,3,200,0,1,1,1,1,0,0,1,1,E01003247,201201KF60079,1,1,3,1,13,3,3,5,9,0,0,2,0,1,London
2015-01-20,201501MM70035,533220.0,179250.0,-0.082271,51.496502,1,3,1,1,3,07:46,8,E09000028,3,100,6,30,0,-1,-1,0,0,0,1,1,1,0,0,1,1,E01003941,201201KF60066,1,1,3,1,26,6,3,9,5,0,0,2,0,1,London
2015-01-20,201523S010066,432263.0,268027.0,-1.528205,52.309414,23,3,2,1,3,08:19,294,E10000031,3,445,1,30,1,4,6,0,0,0,1,1,4,0,0,1,1,E01031278,2012130454813,1,1,2,2,15,3,3,0,0,1,0,0,9,1,
2015-01-20,2015621500131,264155.0,192876.0,-3.963571,51.618267,62,3,2,2,3,13:10,745,W06000011,3,4118,6,30,6,4,6,0,0,0,1,1,1,0,0,1,1,W01000873,201242I261108,1,1,1,2,42,7,3,0,0,0,0,0,9,1,Swansea
2015-01-20,201501WW50100,528740.0,176640.0,-0.147722,51.474083,1,3,2,1,3,19:00,10,E09000032,3,3216,6,30,8,4,6,0,0,0,4,1,1,0,0,1,1,E01004564,201201SX20742,1,1,2,1,53,8,3,0,0,2,0,0,8,1,London
2015-01-20,201520T009435,413210.0,286410.0,-1.806943,52.475463,20,3,1,1,3,19:55,300,E08000025,3,4040,6,30,0,-1,-1,0,0,0,4,3,2,0,0,1,1,E01009515,2012120123932,2,1,2,2,26,6,3,0,0,1,0,0,9,1,Birmingham
2015-01-20,201520H000865,401860.0,304040.0,-1.973952,52.634108,20,2,1,1,3,13:00,307,E08000030,6,0,6,30,0,-1,-1,0,0,0,1,1,1,0,0,1,2,E01010347,201211NF26462,2,2,1,1,23,5,2,0,0,0,0,0,5,1,
2015-01-20,2015621500126,305397.0,180146.0,-3.364654,51.512292,62,3,3,1,3,07:48,744,W06000016,1,4,3,70,0,-1,-1,0,0,0,1,1,2,0,0,2,1,W01001225,201242I260708,1,1,1,1,31,6,3,0,0,0,0,0,9,1,