Date,Accident_Index_x,Location_Easting_OSGR,Location_Northing_OSGR,Longitude,Latitude,Police_Force,Accident_Severity,Number_of_Vehicles,Number_of_Casualties,Day_of_Week,Time,Local_Authority_(District),Local_Authority_(Highway),1st_Road_Class,1st_Road_Number,Road_Type,Speed_limit,Junction_Detail,Junction_Control,2nd_Road_Class,2nd_Road_Number,Pedestrian_Crossing-Human_Control,Pedestrian_Crossing-Physical_Facilities,Light_Conditions,Weather_Conditions,Road_Surface_Conditions,Special_Conditions_at_Site,Carriageway_Hazards,Urban_or_Rural_Area,Did_Police_Officer_Attend_Scene_of_Accident,LSOA_of_Accident_Location,Accident_Index_y,Vehicle_Reference,Casualty_Reference,Casualty_Class,Sex_of_Casualty,Age_of_Casualty,Age_Band_of_Casualty,Casualty_Severity,Pedestrian_Location,Pedestrian_Movement,Car_Passenger,Bus_or_Coach_Passenger,Pedestrian_Road_Maintenance_Worker,Casualty_Type,Casualty_Home_Area_Type,city
2015-01-20,201514A011715,448609.0,400795.0,-1.268649,53.501612,14,3,1,1,3,16:46,211,E08000017,6,0,6,30,0,-1,-1,0,0,0,1,1,2,0,0,1,1,E01007580,2012070099059,2,1,1,1,37,7,3,0,0,0,0,0,1,1,Doncaster
2015-01-20,2015621500123,311126.0,186818.0,-3.283807,51.573199,62,3,2,1,3,16:37,744,W06000016,3,470,3,70,0,-1,-1,0,0,0,1,2,2,0,0,2,1,W01001184,201242I260508,2,1,1,1,17,4,3,0,0,0,0,0,5,2,
2015-01-20,201537EA87433,634045.0,289567.0,1.443167,52.453878,37,3,1,1,3,09:07,416,E10000029,6,0,6,30,3,4,4,1435,0,0,1,1,4,0,1,2,1,E01030231,201220N038302,1,3,3,2,23,5,3,6,9,0,0,0,0,1,East Suffolk
2015-01-20,201520T010145,410500.0,285370.0,-1.846873,52.466172,20,3,1,1,3,18:08,300,E08000025,6,0,6,30,0,-1,-1,0,0,0,4,2,2,0,0,1,1,E01009337,2012120124389,2,1,1,1,17,4,3,0,0,0,0,0,3,1,Birmingham
2015-01-20,20154100G0047,521810.0,232440.0,-0.227951,51.977083,41,3,2,1,3,09:10,433,E10000015,6,656,2,30,8,4,-1,-1,0,0,1,1,4,0,0,1,1,E01023645,2012212002556,1,1,1,2,21,5,3,0,0,0,0,0,9,1,North Hertfordshire
2015-01-20,201543N228015,480329.0,214704.0,-0.835839,51.825191,43,3,2,1,3,19:48,476,E10000002,3,41,1,30,1,4,6,2146,0,0,4,2,2,0,0,1,1,E01017708,201222F204282,2,2,1,1,26,6,3,0,0,0,0,0,3,1,
2015-01-20,201542I019801,599252.0,224878.0,0.893916,51.886839,42,3,2,1,3,13:50,455,E10000012,3,134,1,30,1,4,6,0,0,0,1,1,1,0,0,1,1,E01021651,2012212005536,2,1,1,1,45,7,3,0,0,0,0,0,5,1,
2015-01-20,2015051500207,338958.0,395828.0,-2.920735,53.455652,5,2,3,1,3,17:44,91,E08000012,6,0,6,40,3,4,6,0,0,0,4,1,1,0,0,1,1,E01006660,201201ZD30755,1,1,1,2,26,6,3,0,0,0,0,0,9,-1,Liverpool
2015-01-20,2015051500205,338419.0,397268.0,-2.929134,53.468531,5,3,1,2,3,18:25,91,E08000012,6,0,6,20,9,4,6,0,0,0,1,1,2,0,0,1,1,E01006655,201201ZD30753,2,1,1,1,49,8,3,0,0,0,0,0,1,1,Liverpool
2015-01-20,2015051500202,333817.0,399239.0,-2.998864,53.485685,5,3,2,2,3,15:00,93,E08000014,6,0,6,30,0,-1,-1,0,0,0,1,1,1,0,0,1,1,E01006979,201201ZD30752,2,1,2,2,21,5,3,0,0,0,3,0,11,1,
2015-01-20,2015051500199,335968.0,390857.0,-2.964744,53.410621,5,3,2,1,3,14:58,91,E08000012,3,57,6,30,0,-1,-1,0,0,0,1,1,1,0,0,1,1,E01006747,201201ZD30748,1,1,1,2,52,8,3,0,0,0,0,0,9,1,Liverpool
2015-01-20,201506J096568,392060.0,386760.0,-2.120817,53.377633,6,3,2,1,3,19:13,109,E08000007,5,0,6,30,3,4,6,0,0,0,4,2,2,0,0,1,1,E01005840,201204BC12040,1,1,3,1,74,10,1,5,1,0,0,0,0,1,
2015-01-20,2015440021111,486146.0,149472.0,-0.767394,51.237936,44,3,2,1,3,08:30,499,E10000014,4,3007,6,30,3,4,4,3007,0,0,1,1,1,0,0,1,1,E01023131,201230D000162,3,1,2,2,17,4,3,0,0,1,0,0,9,-1,Rushmoor
2015-01-20,201514K018115,430860.0,393377.0,-1.536943,53.436275,14,3,1,1,3,07:45,215,E08000019,6,0,6,30,3,4,6,0,0,0,1,3,2,0,0,2,1,E01033280,2012070294002,2,1,1,1,53,8,3,0,0,0,0,0,9,1,Sheffield
2015-01-20,2015051500196,327970.0,384739.0,-3.083644,53.354606,5,2,1,1,3,11:30,95,E08000015,3,551,6,40,3,4,6,0,0,0,1,1,1,0,0,1,1,E01007255,201201ZD30745,1,1,1,1,20,4,3,0,0,0,0,0,9,3,
2015-01-20,201506J096462,389800.0,391880.0,-2.154956,53.423615,6,2,1,1,3,13:55,109,E08000007,4,6167,6,30,3,4,6,0,0,8,1,1,1,0,0,1,1,E01005914,201204BC12039,2,1,1,1,47,8,3,0,0,0,0,0,9,-1,
2015-01-20,2015051500195,337037.0,392676.0,-2.949028,53.427098,5,3,1,1,3,07:44,91,E08000012,6,0,6,30,0,-1,-1,0,0,0,1,1,4,0,0,1,1,E01006547,201201ZD30744,1,1,1,1,18,4,3,0,0,0,0,0,9,1,Liverpool
2015-01-20,2015440022131,446052.0,112322.0,-1.346379,50.908538,44,3,1,1,3,20:57,500,E06000045,3,3024,6,30,3,2,6,0,0,5,4,5,2,0,0,1,1,E01017256,201230D000171,1,2,2,2,32,6,3,0,0,1,0,0,9,-1,Southampton
2015-01-20,2015100071915,420771.0,565946.0,-1.676934,54.987678,10,3,3,2,3,13:14,147,E08000021,6,1223,6,30,0,-1,-1,0,0,0,1,1,2,0,0,1,1,E01008350,201205AA02690,1,1,1,1,44,7,3,0,0,0,0,0,9,1,Newcastle upon Tyne
2015-01-20,201501FH10072,523290.0,181060.0,-0.22461,51.515019,1,3,1,1,3,10:44,11,E09000013,3,40,3,30,0,-1,-1,0,0,0,1,8,4,0,0,1,1,E01001874,201201CW11029,2,1,1,1,23,5,3,0,0,0,0,0,1,-1,London
2015-01-20,2015440021207,436450.0,97171.0,-1.484443,50.772982,44,2,2,1,3,08:58,496,E10000014,6,0,6,40,0,-1,-1,0,0,0,1,1,4,0,0,2,1,E01022990,201230D000163,2,1,1,1,50,8,3,0,0,0,0,0,9,-1,New Forest
2015-01-20,201501ZT80035,528510.0,163620.0,-0.155747,51.357126,1,3,1,1,3,15:50,21,E09000029,6,0,6,30,3,4,4,271,0,0,1,1,1,0,0,1,2,E01004180,201201WW50182,1,1,3,2,38,7,3,1,1,0,0,2,0,1,London
2015-01-20,2015440022106,465778.0,105648.0,-1.06705,50.846623,44,3,2,1,3,17:00,498,E06000044,3,2030,6,30,7,4,6,0,0,5,4,1,1,0,0,1,2,E01017051,201230D000170,1,1,1,2,40,7,3,0,0,0,0,0,9,1,Portsmouth
2015-01-20,2015440021221,469105.0,110945.0,-1.018801,50.893862,44,3,2,1,3,09:30,495,E10000014,3,3,6,30,3,4,6,0,0,0,1,1,1,0,0,1,1,E01022918,201230D000164,2,1,1,2,40,7,3,0,0,0,0,0,9,1,
2015-01-20,2015440021294,470024.0,115173.0,-1.004926,50.931766,44,2,2,1,3,09:50,497,E10000014,6,0,6,60,0,-1,-1,0,0,0,1,1,1,0,0,2,1,E01022606,201230D000164,2,2,2,2,40,7,3,0,0,1,0,0,9,1,East Hampshire
2015-01-20,2015440021307,465311.0,102348.0,-1.07427,50.817005,44,3,2,1,3,11:00,498,E06000044,6,0,6,30,6,4,6,0,0,0,1,1,1,0,0,1,2,E01017088,201230D000165,1,1,3,1,-1,-1,3,6,9,0,0,0,0,-1,Portsmouth
2015-01-20,2015440021909,448474.0,111305.0,-1.312068,50.899195,44,3,2,1,3,15:30,491,E10000014,1,27,7,60,1,4,6,0,0,0,1,1,2,0,0,2,2,E01022657,201230D000169,2,1,1,1,42,7,3,0,0,0,0,0,1,-1,Eastleigh
2015-01-20,2015440021894,466249.0,99756.0,-1.061423,50.793593,44,3,2,1,3,15:00,498,E06000044,3,2030,6,30,0,-1,-1,0,0,0,1,1,1,0,0,1,2,E01017099,201230D000168,2,2,1,2,51,8,3,0,0,0,0,0,9,1,Portsmouth
2015-01-20,2015440021330,463293.0,105642.0,-1.102344,50.846846,44,3,2,1,3,11:21,498,E06000044,3,27,3,30,3,2,6,0,0,5,1,9,1,0,0,1,2,E01017114,201230D000166,2,1,1,1,16,4,2,0,0,0,0,0,1,-1,Portsmouth
2015-01-20,2015440021354,451932.0,87895.0,-1.266202,50.688397,44,3,2,1,3,09:27,505,E06000046,6,0,6,60,0,-1,-1,0,0,0,1,1,4,0,0,2,1,E01017296,201230D000167,1,1,3,1,61,9,1,5,3,0,0,0,0,-1,
2015-01-20,201537EA87296,590977.0,259938.0,0.793402,52.204571,37,3,2,1,3,15:25,414,E10000029,5,694,6,60,3,4,6,0,0,0,1,1,2,0,0,2,1,E01030138,201220N032802,2,1,1,1,51,8,3,0,0,0,0,0,9,1,West Suffolk
2015-01-20,201531A006815,454002.0,349155.0,-1.196105,53.036954,31,3,1,1,3,09:14,340,E10000024,6,0,6,30,0,-1,-1,0,0,8,1,8,2,0,0,1,1,E01027931,201214A161712,2,2,2,1,19,4,3,0,0,2,0,0,9,2,Ashfield
2015-01-20,2015440021473,437835.0,114649.0,-1.463001,50.930057,44,2,1,1,3,18:00,500,E06000045,6,0,6,30,0,-1,-1,0,0,0,4,1,1,0,0,1,2,E01017245,201230D000168,1,1,1,1,40,7,3,0,0,0,0,0,9,1,Southampton
2015-01-20,201501GD10043,533480.0,184190.0,-0.076658,51.540833,1,2,1,2,3,09:45,4,E09000012,3,10,6,30,6,2,3,10,0,5,1,1,4,0,0,1,1,E01001750,201201CW11676,2,1,1,2,27,6,3,0,0,0,0,0,3,1,London
2015-01-20,2015440021077,439350.0,115149.0,-1.441391,50.934452,44,3,2,1,3,06:50,500,E06000045,6,0,6,30,0,-1,-1,0,0,0,4,1,4,0,0,1,1,E01017188,201230D000161,1,1,3,1,85,11,3,1,3,0,0,0,0,-1,Southampton
2015-01-20,2015440021025,456550.0,144908.0,-1.192,51.200596,44,3,1,1,3,04:22,490,E10000014,1,3,3,70,0,-1,-1,0,0,0,6,1,4,0,0,2,1,E01022532,201230D000160,1,1,3,2,56,9,2,5,1,0,0,0,0,-1,Basingstoke and Deane
2015-01-20,201501GD10023,532810.0,183150.0,-0.086706,51.531645,1,3,2,1,3,19:35,4,E09000012,3,1200,6,30,3,4,6,0,0,0,4,1,1,0,0,1,1,E01033709,201201CW11664,3,2,1,1,47,8,3,0,0,0,0,0,8,1,London
2015-01-20,2015051500208,337092.0,390993.0,-2.947864,53.411979,5,3,1,1,3,20:30,91,E08000012,3,57,6,30,3,2,4,5089,0,5,4,2,2,0,0,1,1,E01006691,201201ZD30755,2,2,1,1,-1,-1,3,0,0,0,0,0,90,-1,Liverpool
2015-01-20,201543N220015,504583.0,185436.0,-0.492796,51.558121,43,1,3,1,3,12:44,477,E10000002,3,4020,6,40,0,-1,-1,0,0,0,1,1,1,0,0,2,1,E01017812,201222F204071,2,2,1,2,48,8,3,0,0,0,0,0,9,-1,
2015-01-20,201501VW40021,526120.0,167190.0,-0.188787,51.389745,1,3,2,1,3,18:11,22,E09000024,3,297,3,30,6,2,5,0,0,5,4,2,2,0,0,1,1,E01003450,201201SX20213,1,1,1,1,46,8,3,0,0,0,0,0,9,1,London
2015-01-20,201537EA87374,604783.0,275852.0,1.004808,52.342495,37,3,2,1,3,12:47,413,E10000029,6,0,6,30,0,-1,-1,0,0,0,1,1,1,0,0,2,1,E01030067,201220N037022,2,4,2,1,1,1,3,0,0,2,0,0,9,1,Mid Suffolk
2015-01-20,2015320004239,509201.0,336416.0,-0.377471,52.914079,32,1,2,1,3,13:07,353,E10000019,3,52,6,60,6,4,5,316,0,0,1,1,2,0,0,2,1,E01026221,201214K222412,2,1,1,2,42,7,3,0,0,0,0,0,9,1,North Kesteven
2015-01-20,201537EA87370,623982.0,254662.0,1.272137,52.144805,37,3,2,1,3,16:16,415,E10000029,5,309,6,30,0,-1,-1,0,0,0,1,1,4,0,0,2,1,E01030200,201220N037022,2,3,2,1,9,2,3,0,0,2,0,0,9,1,East Suffolk
2015-01-20,2015440022698,441673.0,112339.0,-1.408655,50.909022,44,2,1,1,3,19:00,500,E06000045,3,3024,6,30,3,2,6,0,0,5,4,5,2,0,0,1,2,E01017136,201230D000174,2,3,2,1,42,7,3,0,0,1,0,0,9,1,Southampton
2015-01-20,201504EG15007,389630.0,440440.0,-2.159152,53.860076,4,2,1,1,3,15:42,77,E10000017,3,6068,6,30,3,4,6,0,0,0,1,1,2,0,0,1,1,E01025208,201201XH30541,2,1,1,1,64,9,3,0,0,0,0,0,9,1,Pendle
2015-01-20,201520S008645,403080.0,283440.0,-1.956109,52.448912,20,3,1,1,3,15:08,300,E08000025,6,0,6,30,3,4,6,0,0,0,1,1,1,0,0,1,1,E01009077,2012120083232,1,1,1,1,41,7,3,0,0,0,0,0,21,1,Birmingham
2015-01-20,201501GD10079,532420.0,187680.0,-0.090621,51.572445,1,3,2,1,3,23:00,4,E09000012,3,503,3,40,6,2,5,0,0,5,4,1,1,0,0,1,1,E01033701,201201CW11715,1,1,1,1,46,8,3,0,0,0,0,0,9,1,London
2015-01-20,201501VK30012,518530.0,166940.0,-0.297901,51.389133,1,3,2,1,3,17:49,23,E09000021,3,240,6,30,0,-1,-1,0,0,0,4,1,4,0,0,1,1,E01002999,201201RY10337,1,1,2,1,11,3,3,0,0,0,1,0,11,1,London
2015-01-20,201511ND01415,431650.0,546396.0,-1.50907,54.811432,11,3,2,1,3,09:11,169,E06000047,6,0,6,30,3,4,6,0,0,0,1,3,4,0,0,2,1,E01020726,201205EE04036,1,1,3,1,46,8,3,4,3,0,0,0,0,-1,
2015-01-20,201514K016215,433640.0,394572.0,-1.494971,53.446846,14,3,2,2,3,17:30,215,E08000019,3,61,6,50,3,4,6,0,0,0,4,1,1,0,0,2,1,E01008134,2012070293296,2,1,1,2,26,6,3,0,0,0,0,0,9,1,Sheffield
2015-01-20,201504EG15005,376980.0,434540.0,-2.351039,53.806639,4,3,2,3,3,09:14,80,E10000017,3,671,6,30,0,-1,-1,0,0,0,1,1,1,0,0,2,1,E01025340,201201XH30540,1,1,1,1,59,9,3,0,0,0,0,0,9,2,Ribble Valley
2015-01-20,201542I019701,599339.0,224876.0,0.895177,51.886789,42,3,2,1,3,20:45,455,E10000012,3,134,6,30,6,2,6,0,0,0,4,1,1,0,0,1,1,E01021651,2012212005534,1,1,1,1,57,9,3,0,0,0,0,0,21,-1,
2015-01-20,201542I036801,581151.0,214996.0,0.626032,51.804255,42,3,1,1,3,08:15,451,E10000012,6,0,6,30,0,-1,-1,0,0,0,1,1,2,0,0,1,1,E01021428,2012212005835,3,1,2,1,17,4,3,0,0,2,0,0,9,-1,
2015-01-20,201514K016315,435293.0,386520.0,-1.470982,53.374366,14,3,2,1,3,17:05,215,E08000019,6,0,2,30,3,4,6,0,0,0,7,1,1,0,0,1,1,E01033274,2012070293419,2,1,1,2,32,6,3,0,0,0,0,0,9,2,Sheffield
2015-01-20,201501GD10069,532740.0,187170.0,-0.086199,51.567787,1,3,1,1,3,08:39,4,E09000012,5,0,6,30,0,-1,-1,0,0,1,1,1,4,0,0,1,1,E01001804,201201CW11707,1,1,1,1,26,6,3,0,0,0,0,0,3,1,London
2015-01-20,2015160C00971,507318.0,468601.0,-0.360249,54.102116,16,3,2,2,3,07:28,231,E06000011,4,1253,6,60,6,4,6,0,0,0,1,1,3,0,0,2,1,E01012990,2012100186612,1,1,3,1,25,5,2,5,9,0,0,0,0,1,
2015-01-20,2015051500219,331857.0,390950.0,-3.026598,53.410941,5,3,1,1,3,20:10,95,E08000015,6,0,6,30,0,-1,-1,0,0,0,7,2,2,0,0,1,1,E01007273,201201ZD30764,2,1,1,2,46,8,3,0,0,0,0,0,9,1,
2015-01-20,2015160C00951,514601.0,434898.0,-0.261563,53.797775,16,3,1,1,3,09:44,231,E06000011,6,0,6,60,0,-1,-1,0,0,0,1,2,4,0,0,2,1,E01013027,2012100186312,2,1,1,1,19,4,2,0,0,0,0,0,9,2,
2015-01-20,201501TD00009,532710.0,187900.0,-0.086356,51.574354,1,1,2,1,3,08:00,4,E09000012,3,503,6,30,3,4,3,107,0,4,1,1,1,0,0,1,1,E01001811,201201QK50505,1,2,2,1,28,6,3,0,0,1,0,0,9,-1,London
2015-01-20,201520K001445,394690.0,286140.0,-2.079601,52.473166,20,2,1,1,3,18:19,305,E08000028,6,0,6,30,6,4,6,0,0,1,4,3,2,0,0,1,1,E01009955,201211SC32032,1,1,1,1,79,11,3,0,0,0,0,0,9,3,Sandwell
2015-01-20,2015160C00911,502924.0,457300.0,-0.431249,54.001482,16,3,1,1,3,19:09,231,E06000011,6,0,6,30,0,-1,-1,0,0,0,4,1,4,0,0,1,1,E01012977,2012100184712,1,2,3,1,16,4,3,4,3,0,0,0,0,1,
2015-01-20,2015051500218,327723.0,387814.0,-3.088058,53.382207,5,2,1,1,3,15:53,95,E08000015,6,0,6,30,3,4,6,0,0,0,4,3,2,0,0,1,1,E01007300,201201ZD30763,1,1,2,2,55,8,3,0,0,0,3,0,11,1,
2015-01-20,201514K016715,435544.0,389208.0,-1.466908,53.398509,14,3,2,1,3,11:20,215,E08000019,4,6070,6,30,6,2,6,0,0,0,1,1,2,0,0,1,1,E01007870,2012070293427,2,2,1,1,30,6,3,0,0,0,0,0,9,3,Sheffield
2015-01-20,2015051500211,340365.0,401099.0,-2.900552,53.503186,5,3,1,1,3,21:40,93,E08000014,3,506,6,30,0,-1,-1,0,0,0,6,9,2,0,0,2,1,E01007040,201201ZD30758,1,2,1,1,58,9,3,0,0,0,0,0,9,-1,Knowsley
2015-01-20,2015440022254,443556.0,115128.0,-1.381542,50.933962,44,2,2,1,3,23:50,500,E06000045,3,335,6,40,3,2,6,0,0,5,7,1,1,0,0,2,2,E01032756,201230D000172,2,2,2,2,55,8,3,0,0,1,0,0,9,2,Southampton
2015-01-20,201506E096710,383990.0,394070.0,-2.242497,53.443154,6,3,2,1,3,08:20,102,E08000003,3,6010,3,40,0,-1,-1,0,0,0,1,1,1,0,0,1,1,E01005183,201204AX12025,2,3,2,2,35,6,3,0,0,1,0,0,9,1,Manchester
2015-01-20,201542I033601,562723.0,220880.0,0.361774,51.862775,42,3,3,2,3,08:10,463,E10000012,3,120,3,70,0,-1,-1,0,0,0,1,1,2,0,0,2,1,E01022068,2012212005779,2,1,1,1,53,8,3,0,0,0,0,0,9,1,Uttlesford
2015-01-20,2015160C00341,514891.0,464900.0,-0.245894,54.067236,16,3,2,2,3,13:30,231,E06000011,6,0,6,40,0,-1,-1,0,0,0,1,1,1,0,0,2,2,E01012992,2012100174012,2,2,1,2,45,7,3,0,0,0,0,0,9,1,
2015-01-20,2015555999049,385368.0,121633.0,-2.209864,50.993904,55,3,4,1,3,07:55,642,E10000009,4,3091,6,60,0,-1,-1,0,0,0,1,1,4,0,0,2,1,E01020460,201242I064903,1,1,1,2,20,4,3,0,0,0,0,0,9,-1,
2015-01-20,2015160C00261,507492.0,434496.0,-0.369585,53.795678,16,3,2,2,3,17:45,231,E06000011,3,1174,1,30,1,4,3,1079,0,8,4,8,2,0,0,2,1,E01012953,2012100173212,1,3,2,2,37,7,3,0,0,0,4,0,11,1,
2015-01-20,2015320003648,507069.0,361577.0,-0.400823,53.140596,32,3,4,1,3,14:20,353,E10000019,6,0,6,30,3,4,4,1189,0,0,1,1,1,0,0,2,1,E01026212,201214K217612,1,1,1,2,19,4,3,0,0,0,0,0,9,1,North Kesteven
2015-01-20,2015471500415,502703.0,102399.0,-0.543621,50.812047,47,3,2,1,3,18:25,558,E10000032,3,284,6,30,3,4,6,0,0,0,4,2,2,0,0,1,1,E01031454,201234WN09432,1,1,1,1,31,6,3,0,0,0,0,0,1,-1,Arun
2015-01-20,2015471500416,559800.0,106529.0,0.268045,50.836234,47,3,1,1,3,22:38,556,E10000011,4,2104,6,40,0,-1,-1,0,0,0,6,2,2,0,0,2,1,E01021208,201234WN09832,1,1,3,1,39,7,2,5,2,0,0,0,0,-1,Wealden
2015-01-20,201504EF15020,384590.0,433530.0,-2.235432,53.797844,4,3,2,2,3,15:30,72,E10000017,3,682,6,30,9,4,6,0,0,0,1,1,2,0,0,2,1,E01024857,201201XH30194,1,1,1,1,-1,-1,3,0,0,0,0,0,9,1,Burnley
2015-01-20,2015170S30165,443928.0,514939.0,-1.322762,54.527837,17,3,2,1,3,17:30,245,E06000004,5,172,6,30,1,4,6,0,0,0,4,1,1,0,0,2,2,E01033475,2012100567012,1,1,2,2,80,11,3,0,0,0,3,0,11,-1,
2015-01-20,2015100049515,423676.0,599354.0,-1.628764,55.287745,10,3,2,3,3,07:30,139,E06000048,5,107,6,60,3,4,5,112,0,0,1,1,4,0,0,2,1,E01027444,201205AA02063,2,1,1,2,58,9,3,0,0,0,0,0,9,1,
2015-01-20,2015471500425,482771.0,124689.0,-0.821411,51.015632,47,3,1,1,3,13:40,559,E10000032,6,0,6,60,0,-1,-1,0,0,0,1,1,2,0,0,2,1,E01031521,201234WN10302,1,1,3,1,13,3,2,5,3,0,0,0,0,-1,Chichester
2015-01-20,201531D029615,461992.0,341093.0,-1.078507,52.963628,31,3,1,1,3,16:08,343,E10000024,6,0,6,30,2,4,6,0,0,1,1,1,1,0,0,1,1,E01028186,201214K078312,1,1,1,1,22,5,3,0,0,0,0,0,9,1,Gedling
2015-01-20,201501PL60077,539160.0,170870.0,-5.1e-05,51.419769,1,3,2,1,3,09:27,7,E09000023,3,21,6,30,3,4,6,0,0,0,1,1,1,0,0,1,1,E01003235,201201KG70160,1,1,3,1,25,5,3,9,5,0,0,2,0,-1,no city
2015-01-20,2015100052915,429921.0,589307.0,-1.531501,55.19713,10,1,2,2,3,07:41,139,E06000048,5,123,6,60,0,-1,-1,0,0,0,6,1,4,0,0,2,1,E01027542,201205AA02119,1,2,1,1,69,10,2,0,0,0,0,0,9,1,
2015-01-20,2015450021903,507428.0,144481.0,-0.464141,51.189467,45,3,3,1,3,10:45,511,E10000030,5,46,6,30,0,-1,-1,0,0,0,1,1,4,0,0,2,2,E01030492,201231C301712,1,1,1,2,75,10,3,0,0,0,0,0,9,1,Waverley
2015-01-20,2015450021906,498036.0,159585.0,-0.594356,51.326926,45,3,1,1,3,09:00,518,E10000030,5,12,9,40,0,-1,-1,0,0,0,1,9,-1,0,0,1,2,E01030956,201231C302212,1,1,1,2,53,8,3,0,0,0,0,0,9,1,
2015-01-20,2015450021907,513935.0,153909.0,-0.368073,51.27295,45,3,1,1,3,06:52,512,E10000030,6,2530,6,30,0,-1,-1,0,0,0,7,1,4,0,0,1,1,E01030520,201231C303412,2,1,2,2,24,5,3,0,0,1,0,0,9,-1,Mole Valley
2015-01-20,2015450021908,501209.0,157287.0,-0.549484,51.305714,45,3,1,1,3,16:12,518,E10000030,6,3719,6,30,0,-1,-1,0,0,0,1,8,2,0,0,1,1,E01030972,201231C303712,1,1,1,1,23,5,3,0,0,0,0,0,3,1,
2015-01-20,2015450021909,505540.0,164741.0,-0.485169,51.371929,45,3,2,1,3,04:05,514,E10000030,6,3806,6,30,0,-1,-1,0,0,0,7,1,1,0,0,1,1,E01030646,201231C303912,2,1,1,1,58,9,3,0,0,0,0,0,1,1,
2015-01-20,2015450021910,507770.0,159404.0,-0.454759,51.32354,45,3,3,2,3,18:00,511,E10000030,1,25,3,70,5,4,3,3,0,0,7,2,2,0,0,2,1,E01030458,201231C304012,2,1,1,1,-1,-1,3,0,0,0,0,0,1,1,Elmbridge
2015-01-20,2015320003609,497329.0,371050.0,-0.543496,53.227586,32,2,2,1,3,15:00,352,E10000019,4,1003,6,30,3,2,6,0,0,4,1,1,2,0,0,1,1,E01026132,201214K217212,1,1,3,2,89,11,3,5,1,0,0,0,0,1,Lincoln
2015-01-20,2015450021911,489005.0,160297.0,-0.723757,51.334809,45,2,1,1,3,07:45,515,E10000030,6,3525,6,30,3,4,6,0,0,0,1,1,2,0,0,1,1,E01030799,201231C304512,1,1,1,1,38,7,3,0,0,0,0,0,8,1,Surrey Heath
2015-01-20,201501TX20151,509100.0,171930.0,-0.431836,51.435874,1,3,1,1,3,21:00,25,E09000018,4,377,6,30,0,-1,-1,0,0,0,4,1,1,0,0,2,1,E01002601,201201RG40300,2,1,1,1,18,4,3,0,0,0,0,0,19,1,London
2015-01-20,20154100A0071,532875.0,215569.0,-0.073444,51.822952,41,3,3,3,3,11:00,432,E10000015,4,158,6,60,0,-1,-1,0,0,0,1,1,4,0,0,2,1,E01023485,201220Z001552,2,1,1,1,29,6,3,0,0,0,0,0,9,1,East Hertfordshire
2015-01-20,201501XD80059,513260.0,178360.0,-0.369957,51.49285,1,3,2,1,3,18:45,27,E09000009,3,4127,1,30,1,4,3,3005,0,0,4,1,1,0,0,1,1,E01001336,201201TA00591,2,2,1,1,31,6,3,0,0,0,0,0,19,-1,London
2015-01-20,2015320003771,556080.0,365647.0,0.333291,53.165065,32,2,2,4,3,09:30,351,E10000019,6,0,6,60,0,-1,-1,0,0,0,1,1,4,0,0,2,1,E01026115,201214K218212,1,1,3,1,17,4,3,8,1,0,0,0,0,1,East Lindsey
2015-01-20,2015320003770,556899.0,365905.0,0.345657,53.167141,32,2,1,1,3,09:01,351,E10000019,3,52,6,30,3,4,6,0,0,4,1,1,2,0,0,1,1,E01026115,201214K218012,1,2,2,2,4,1,3,0,0,2,0,0,9,-1,East Lindsey
2015-01-20,2015530209236,405708.0,199306.0,-1.91882,51.692478,53,3,3,2,3,09:03,621,E10000013,3,419,6,60,3,4,5,177,0,0,1,1,2,0,0,2,1,E01022225,20124100B0479,1,1,2,2,10,2,3,0,0,2,0,0,9,1,Cotswold
2015-01-20,20154100T3007,508310.0,202110.0,-0.433903,51.707283,41,3,4,1,3,06:15,436,E10000015,1,25,3,70,0,-1,-1,0,0,0,4,1,1,0,0,2,1,E01023808,2012212003923,1,1,3,2,45,7,3,5,3,0,0,0,0,1,Three Rivers
2015-01-20,2015450021522,528284.0,149738.0,-0.163975,51.232417,45,3,1,1,3,09:15,513,E10000030,5,222,6,30,0,-1,-1,0,0,0,1,1,2,0,0,1,2,E01030614,201231C265012,1,1,1,2,19,4,3,0,0,0,0,0,1,1,Reigate and Banstead