Date,Accident_Index_x,Location_Easting_OSGR,Location_Northing_OSGR,Longitude,Latitude,Police_Force,Accident_Severity,Number_of_Vehicles,Number_of_Casualties,Day_of_Week,Time,Local_Authority_(District),Local_Authority_(Highway),1st_Road_Class,1st_Road_Number,Road_Type,Speed_limit,Junction_Detail,Junction_Control,2nd_Road_Class,2nd_Road_Number,Pedestrian_Crossing-Human_Control,Pedestrian_Crossing-Physical_Facilities,Light_Conditions,Weather_Conditions,Road_Surface_Conditions,Special_Conditions_at_Site,Carriageway_Hazards,Urban_or_Rural_Area,Did_Police_Officer_Attend_Scene_of_Accident,LSOA_of_Accident_Location,Accident_Index_y,Vehicle_Reference,Casualty_Reference,Casualty_Class,Sex_of_Casualty,Age_of_Casualty,Age_Band_of_Casualty,Casualty_Severity,Pedestrian_Location,Pedestrian_Movement,Car_Passenger,Bus_or_Coach_Passenger,Pedestrian_Road_Maintenance_Worker,Casualty_Type,Casualty_Home_Area_Type,city
2015-01-20,201501EO40076,531310.0,183130.0,-0.108325,51.531816,1,3,1,1,3,11:20,3,E09000019,3,501,6,30,0,-1,-1,0,0,0,1,1,1,0,0,1,2,E01002727,201201CW10100,2,1,1,1,47,8,3,0,0,0,0,0,5,1,London
2015-01-20,2015120012669,457148.0,450985.0,-1.130679,53.951815,12,3,1,1,3,15:50,189,E06000014,5,413,6,30,3,4,6,5710,0,0,1,1,1,0,0,1,2,E01013445,201205FF05772,1,1,3,1,64,9,2,5,2,0,0,0,0,1,York
2015-01-20,201511SJ01285,428870.0,515540.0,-1.555361,54.534316,11,3,2,5,3,21:02,161,E06000005,5,55,6,30,6,4,6,0,0,0,4,1,2,0,0,1,1,E01012362,201205FF01756,1,1,1,1,32,6,3,0,0,0,0,0,9,1,
2015-01-20,201542I016701,591349.0,185202.0,0.75746,51.533289,42,3,2,1,3,15:35,460,E06000033,6,0,6,30,3,4,6,0,0,0,1,1,1,0,0,1,1,E01015890,2012212005508,1,1,1,2,31,6,3,0,0,0,0,0,9,1,Southend-on-Sea
2015-01-20,201501EO40084,530580.0,184980.0,-0.118158,51.54861,1,3,2,1,3,19:00,3,E09000019,3,5203,6,30,0,-1,-1,0,0,0,4,1,1,0,0,1,2,E01002765,201201CW10111,1,1,2,2,76,11,3,0,0,0,4,0,11,1,London
2015-01-20,201501RY10027,552210.0,175100.0,0.189305,51.454425,1,3,2,1,3,16:16,18,E09000004,4,2186,6,30,0,-1,-1,0,0,0,1,1,1,0,0,1,1,E01000376,201201PY20296,1,2,2,1,23,5,3,0,0,1,0,0,9,1,London
2015-01-20,201501PL60050,535690.0,171460.0,-0.049698,51.425912,1,3,1,1,3,07:30,7,E09000023,3,212,6,30,3,4,6,0,0,4,1,1,1,0,0,1,1,E01003327,201201KG70141,2,1,1,1,30,6,3,0,0,0,0,0,9,2,London
2015-01-20,201501PL60051,535240.0,172960.0,-0.055594,51.439499,1,3,3,1,3,07:20,7,E09000023,3,205,6,30,3,4,6,0,0,0,1,8,4,0,0,1,1,E01003255,201201KG70142,1,2,1,1,50,8,3,0,0,0,0,0,8,1,London
2015-01-20,2015120019271,463715.0,455123.0,-1.029765,53.988235,12,3,2,1,3,12:30,189,E06000014,3,1036,6,40,7,4,6,4010,0,0,1,2,2,0,0,2,2,E01013409,201205FF06041,1,3,2,1,35,6,3,0,0,1,0,0,8,-1,
2015-01-20,201501EO40095,531660.0,182470.0,-0.103529,51.525804,1,2,2,1,3,16:30,3,E09000019,4,502,6,20,6,4,4,501,0,4,4,1,2,0,6,1,1,E01033489,201201CW10120,1,1,3,1,22,5,2,1,1,0,0,2,0,1,London
2015-01-20,201501RY10020,545490.0,174950.0,0.092596,51.454842,1,3,4,1,3,18:09,18,E09000004,3,2,3,50,0,-1,-1,0,0,0,1,1,1,0,0,1,1,E01000413,201201PY20292,1,1,1,1,77,11,3,0,0,0,0,0,9,1,London
2015-01-20,201501CP00014,533330.0,180700.0,-0.08014,51.509506,48,3,2,1,3,14:47,570,E09000001,3,3211,3,40,3,2,3,3211,0,5,1,1,1,0,0,1,1,E01032739,201197QB06207,2,1,1,1,32,6,3,0,0,0,0,0,5,1,City of London
2015-01-20,201501EO40091,531160.0,186340.0,-0.109291,51.560698,1,3,3,2,3,06:55,3,E09000019,3,503,2,30,3,4,6,0,0,0,4,1,1,0,0,1,1,E01002732,201201CW10116,2,1,1,1,20,4,3,0,0,0,0,0,3,-1,London
2015-01-20,2015030000158,320620.0,469390.0,-3.215806,54.114232,3,3,2,1,3,17:15,61,E10000006,6,0,6,30,3,4,6,0,0,0,4,1,1,0,0,1,1,E01019174,201201WW50546,1,1,1,1,27,6,3,0,0,0,0,0,2,1,
2015-01-20,201542I016801,568154.0,189268.0,0.425323,51.577195,42,3,3,1,3,08:50,450,E10000012,4,148,6,40,0,-1,-1,0,0,0,1,1,2,0,0,1,1,E01021290,2012212005509,1,1,2,2,50,8,3,0,0,2,0,0,8,1,
2015-01-20,201542I017101,617517.0,215923.0,1.153281,51.799626,42,3,2,1,3,10:39,461,E10000012,6,0,6,30,6,4,6,0,0,0,1,1,1,0,0,1,1,E01022043,2012212005511,2,2,1,2,23,5,3,0,0,0,0,0,9,1,
2015-01-20,2015450021298,496148.0,135785.0,-0.62782,51.113302,45,3,1,1,3,14:13,517,E10000030,3,283,6,30,3,4,6,0,0,0,1,1,1,0,0,2,1,E01030869,201231C249612,1,2,2,1,22,5,3,0,0,1,0,0,8,1,Waverley
2015-01-20,2015450021313,499819.0,149908.0,-0.571476,51.239629,45,3,1,1,3,13:05,511,E10000030,3,320,6,30,6,2,3,246,0,0,1,4,1,0,0,1,2,E01030451,201231C250112,2,1,1,1,26,6,3,0,0,0,0,0,9,1,
2015-01-20,2015450021318,525481.0,150747.0,-0.203748,51.242108,45,3,1,1,3,11:20,513,E10000030,6,1252,6,30,0,-1,-1,0,0,0,1,1,1,0,0,1,2,E01030627,201231C250412,1,1,1,2,40,7,3,0,0,0,0,0,9,1,Reigate and Banstead
2015-01-20,201501TX20059,517760.0,177430.0,-0.305477,51.483573,1,3,1,1,3,20:22,25,E09000018,3,315,6,30,0,-1,-1,0,0,4,4,1,2,0,0,1,1,E01033082,201201RG40238,2,1,1,1,25,5,3,0,0,0,0,0,3,1,London
2015-01-20,201543N117015,489294.0,196344.0,-0.710499,51.658798,43,2,1,1,3,09:15,480,E10000002,6,2087,6,30,8,4,6,2087,0,0,1,1,1,0,0,1,3,E01017881,201222F201528,1,1,1,1,36,7,3,0,0,0,0,0,9,-1,
2015-01-20,201543N115015,491609.0,181178.0,-0.680995,51.5221,43,2,1,1,3,18:03,477,E10000002,3,4,6,40,3,2,6,979,0,0,4,2,2,0,0,2,1,E01017833,201222F201472,1,1,1,1,30,6,2,0,0,0,0,0,5,3,
2015-01-20,201543N114015,492830.0,183352.0,-0.662829,51.541443,43,3,2,1,3,10:10,477,E10000002,6,864,6,30,3,4,6,864,0,0,1,1,1,0,0,1,2,E01017806,201222F201420,1,1,1,2,62,9,3,0,0,0,0,0,9,1,
2015-01-20,2015160B00071,508145.0,418719.0,-0.365184,53.653796,16,3,2,1,3,16:43,232,E06000013,3,1077,6,60,0,-1,-1,0,0,0,6,1,1,0,0,2,1,E01013306,2012100089612,2,1,1,2,24,5,3,0,0,0,0,0,9,-1,
2015-01-20,201543N113015,493625.0,189938.0,-0.649616,51.600512,43,3,2,2,3,19:58,477,E10000002,6,1954,6,30,6,4,6,1954,0,0,6,2,2,0,0,1,1,E01017799,201222F201384,2,1,2,1,25,5,3,0,0,1,0,0,9,1,
2015-01-20,201543N112015,489277.0,187503.0,-0.712994,51.579329,43,2,2,1,3,08:13,480,E10000002,3,4155,6,30,3,4,6,0,0,0,1,1,1,0,0,1,1,E01017846,201222F201367,2,2,1,1,48,8,3,0,0,0,0,0,9,3,
2015-01-20,201506N096535,378030.0,407550.0,-2.333173,53.564099,6,3,1,2,3,18:05,101,E08000002,4,6292,6,30,3,4,6,0,0,1,4,1,2,0,0,1,1,E01004996,201204CL12006,2,2,1,1,20,4,3,0,0,0,0,0,9,-1,Bury
2015-01-20,201501XD80132,515810.0,179600.0,-0.332836,51.503479,1,3,2,1,3,08:55,27,E09000009,3,3002,6,30,3,4,6,0,0,0,1,1,1,0,0,1,1,E01001248,201201TA00650,1,1,3,1,20,4,2,5,1,0,0,2,0,-1,London
2015-01-20,201542I018001,538856.0,201136.0,0.00752,51.691811,42,3,2,1,3,06:50,456,E10000012,6,0,6,40,3,4,6,0,0,0,4,1,2,0,0,1,1,E01021811,2012212005519,1,2,1,1,21,5,3,0,0,0,0,0,9,1,Epping Forest
2015-01-20,201506N096658,379210.0,406240.0,-2.31527,53.552373,6,3,3,1,3,09:00,101,E08000002,5,0,6,30,0,-1,-1,0,0,0,1,8,2,0,0,1,1,E01005012,201204CL12006,2,3,2,2,48,8,3,0,0,1,0,0,9,-1,Bury
2015-01-20,201542I017601,579449.0,191677.0,0.589384,51.595354,42,3,2,1,3,18:28,459,E10000012,3,129,6,30,0,-1,-1,0,0,0,4,1,2,0,0,1,1,E01021957,2012212005516,1,1,3,2,14,3,3,5,9,0,0,0,0,1,
2015-01-20,201542I017401,573513.0,189692.0,0.502793,51.579381,42,3,2,1,3,20:18,450,E10000012,6,0,6,30,3,4,6,0,0,0,4,1,2,0,0,1,1,E01021302,2012212005514,1,1,1,2,36,7,3,0,0,0,0,0,9,2,
2015-01-20,2015120011997,458505.0,452503.0,-1.109714,53.965305,12,3,2,1,3,07:45,189,E06000014,3,1176,6,30,0,-1,-1,0,0,0,1,1,2,0,0,2,2,E01013392,201205FF05758,2,1,1,1,45,7,3,0,0,0,0,0,9,-1,York
2015-01-20,2015160C00271,504600.0,433201.0,-0.41391,53.784632,16,3,2,2,3,19:00,231,E06000011,6,0,1,30,2,4,6,0,0,1,4,8,4,0,0,1,1,E01012957,2012100173312,2,1,2,2,67,10,3,0,0,0,4,0,11,1,
2015-01-20,201514K016015,435729.0,387628.0,-1.464304,53.384295,14,3,1,1,3,15:56,215,E08000019,6,0,2,30,3,4,6,0,0,0,1,1,1,0,0,1,1,E01033264,2012070293257,2,2,2,1,11,3,3,0,0,1,0,0,9,1,Sheffield
2015-01-20,2015170S30125,445412.0,517510.0,-1.299438,54.55081,17,3,2,1,3,08:05,245,E06000004,5,176,6,30,6,2,6,0,0,5,1,1,2,0,0,1,1,E01012239,2012100566912,2,1,1,2,45,7,3,0,0,0,0,0,3,1,
2015-01-20,201501BS70027,525560.0,178170.0,-0.192941,51.488548,1,3,1,1,3,17:20,12,E09000020,3,3218,6,30,6,2,3,3220,0,5,4,1,1,0,0,1,2,E01002846,201197ND01401,2,1,1,1,43,7,3,0,0,0,0,0,9,-1,London
2015-01-20,2015540645215,389606.0,174577.0,-2.151031,51.470062,54,3,3,1,3,17:21,635,E06000054,3,420,6,60,6,4,5,180,0,0,6,2,2,0,0,2,1,E01031940,20124100D0632,2,1,1,2,23,5,3,0,0,0,0,0,9,1,
2015-01-20,201550JC4U002,289705.0,83724.0,-3.56124,50.642734,50,3,2,2,3,07:30,585,E10000008,3,38,3,70,5,4,6,0,0,0,1,1,2,0,0,2,1,E01020241,2012370235712,4,1,1,1,55,8,3,0,0,0,0,0,9,2,Teignbridge
2015-01-20,2015540641815,417206.0,186259.0,-1.753115,51.574938,54,3,1,1,3,15:38,633,E06000030,5,411,6,30,2,4,4,4006,0,0,1,1,1,0,0,1,1,E01015549,20124100D0631,1,1,2,2,40,7,3,0,0,1,0,0,9,-1,
2015-01-20,2015540640415,402929.0,147863.0,-1.959434,51.229948,54,3,2,3,3,14:15,635,E06000054,3,360,6,30,3,4,5,22,0,0,1,1,1,0,0,2,1,E01032696,20124100D0628,1,1,1,1,47,8,3,0,0,0,0,0,9,1,
2015-01-20,201501PY20041,535450.0,169940.0,-0.053728,51.41231,1,3,2,1,3,18:30,19,E09000006,3,213,6,30,6,4,6,0,0,0,4,1,2,0,0,1,1,E01000798,201201LX50491,2,1,1,1,51,8,3,0,0,0,0,0,8,1,London
2015-01-20,2015555997691,409649.0,93040.0,-1.864631,50.736894,55,3,2,1,3,09:00,640,E06000028,3,3049,6,30,3,2,4,3063,0,5,1,1,1,0,0,1,2,E01015331,201242I038802,1,1,3,1,14,3,3,6,9,0,0,2,0,-1,
2015-01-20,201501BS70013,525010.0,181200.0,-0.199786,51.5159,1,3,2,2,3,15:44,12,E09000020,6,0,6,30,3,4,6,0,0,0,1,8,1,0,0,1,1,E01002832,201197ND01206,2,1,1,1,55,8,3,0,0,0,0,0,9,1,London
2015-01-20,2015360087372,614929.0,304059.0,1.171675,52.59181,36,3,2,3,3,13:20,406,E10000020,4,1172,6,40,3,4,5,185,0,0,1,1,1,0,0,2,1,E01026906,201220K007852,2,2,2,2,12,3,3,0,0,2,0,0,9,1,South Norfolk
2015-01-20,201501KD50026,551020.0,190230.0,0.17867,51.590686,1,3,1,1,3,18:05,15,E09000016,3,12,3,50,0,-1,-1,0,0,0,4,1,4,0,0,1,1,E01002338,201201HT20137,1,2,2,2,60,9,3,0,0,1,0,0,9,-1,London
2015-01-20,201501KD50024,553380.0,190710.0,0.212921,51.594361,1,3,2,2,3,17:45,15,E09000016,5,0,6,30,3,4,6,0,0,0,4,1,1,0,0,1,1,E01002310,201201HT20137,1,1,2,2,5,1,3,0,0,2,0,0,9,1,London
2015-01-20,2015160D00741,506184.0,427305.0,-0.391904,53.731339,16,2,2,1,3,18:45,228,E06000010,6,0,3,30,3,4,6,0,0,0,4,1,1,0,0,1,2,E01012888,2012100307112,1,3,2,1,24,5,3,0,0,2,0,0,9,-1,Hull
2015-01-20,2015460252313,581320.0,147140.0,0.593633,51.194709,46,3,2,1,3,07:05,536,E10000016,6,2751,6,60,0,-1,-1,0,0,0,1,4,1,6,0,2,1,E01024411,201232N192612,2,2,2,2,-1,-1,3,0,0,1,0,0,9,1,
2015-01-20,2015360087323,652221.0,307525.0,1.723705,52.606897,36,3,2,1,3,12:00,402,E10000020,3,1243,6,30,3,2,3,1243,0,5,1,1,1,0,0,1,2,E01026597,201220K007812,3,2,1,2,23,5,3,0,0,0,0,0,9,1,
2015-01-20,201543R169015,486821.0,169241.0,-0.752916,51.415549,43,3,2,1,3,06:30,470,E06000036,6,7002,6,30,0,-1,-1,0,0,0,4,2,2,0,0,1,2,E01016249,2012233594412,2,1,1,1,54,8,3,0,0,0,0,0,1,3,
2015-01-20,201542I045501,594081.0,187534.0,0.798085,51.5533,42,3,2,1,3,19:16,459,E10000012,4,1017,6,30,3,4,6,0,0,0,6,1,2,0,0,2,1,E01021924,2012212005982,2,1,1,1,38,7,3,0,0,0,0,0,21,1,
2015-01-20,2015540635115,409514.0,187051.0,-1.864088,51.58224,54,3,1,1,3,07:13,635,E06000054,5,34,6,60,0,-1,-1,0,0,0,1,8,4,0,0,2,1,E01031954,20124100D0627,1,4,2,1,18,4,2,0,0,2,0,0,9,1,
2015-01-20,2015350006615,539460.0,259440.0,0.039894,52.21553,35,3,2,1,3,07:40,395,E10000003,3,1303,6,40,0,-1,-1,0,0,0,1,1,2,4,0,2,1,E01018224,2012170S31802,1,1,1,1,47,8,3,0,0,0,0,0,8,1,South Cambridgeshire
2015-01-20,2015350006515,518400.0,258690.0,-0.268463,52.213714,35,3,2,1,3,17:15,393,E10000003,4,1043,1,30,1,4,6,0,0,0,4,1,2,0,0,1,1,E01018186,2012170S31632,1,3,2,2,15,3,3,0,0,2,0,0,9,1,
2015-01-20,2015360087293,554341.0,314090.0,0.282794,52.702484,36,3,2,1,3,19:15,407,E10000020,5,9,6,30,0,-1,-1,0,0,0,4,1,2,0,0,2,1,E01026697,201220K007762,2,2,1,1,51,8,2,0,0,0,0,0,4,1,King's Lynn and West Norfolk
2015-01-20,2015460252245,558580.0,145700.0,0.26784,51.188529,46,3,1,1,3,09:45,542,E10000016,6,4211,3,30,0,-1,-1,0,0,0,1,1,1,0,0,1,1,E01024758,201232N184912,2,1,1,1,32,6,3,0,0,0,0,0,19,1,Tonbridge and Malling
2015-01-20,201550BN2B002,235052.0,75760.0,-4.330077,50.558259,50,3,1,1,3,07:10,596,E06000052,3,388,6,60,0,-1,-1,0,0,0,6,1,2,0,0,2,1,E01018966,2012360066561,1,1,1,1,54,8,3,0,0,0,0,0,5,3,
2015-01-20,201543W149015,472298.0,168632.0,-0.961838,51.412109,43,3,2,1,3,08:37,475,E06000041,4,3270,6,40,3,4,6,7508,0,0,1,1,1,0,0,1,1,E01016679,201230C001083,2,1,1,1,20,4,3,0,0,0,0,0,9,1,
2015-01-20,201550GC2H002,191114.0,59788.0,-4.940685,50.400758,50,3,2,1,3,11:34,596,E06000052,3,392,1,60,1,4,6,0,0,0,1,1,1,0,0,2,1,E01019065,2012370147212,2,1,1,1,41,7,3,0,0,0,0,0,5,1,
2015-01-20,201534WN01355,477057.0,262745.0,-0.872494,52.257488,34,3,2,1,3,21:20,384,E10000021,5,154,6,30,0,-1,-1,0,0,5,5,2,2,0,0,1,2,E01027188,2012170M12072,2,2,1,2,19,4,3,0,0,0,0,0,9,1,
2015-01-20,2015460252264,558440.0,174620.0,0.278681,51.448405,46,3,1,2,3,22:16,532,E10000016,3,226,1,40,1,4,4,255,0,0,4,1,2,0,0,1,1,E01024140,201232N188112,2,1,1,2,31,6,3,0,0,0,0,0,9,3,Dartford
2015-01-20,201543W145015,480741.0,170169.0,-0.840115,51.424789,43,3,1,1,3,18:28,475,E06000041,3,321,6,60,0,-1,-1,0,0,0,6,1,1,0,7,2,1,E01016628,201230C001074,2,2,1,2,35,6,3,0,0,0,0,0,9,1,
2015-01-20,2015540650915,421121.0,180841.0,-1.696946,51.526091,54,3,2,1,3,23:00,633,E06000030,1,4,3,70,0,-1,-1,0,0,0,6,6,3,0,0,2,1,E01015547,20124100D0635,1,1,1,2,62,9,3,0,0,0,0,0,9,1,
2015-01-20,201522G500359,356640.0,311580.0,-2.643085,52.700148,22,3,5,1,3,05:52,286,E06000051,3,5,3,70,0,-1,-1,0,0,0,6,1,1,0,0,2,1,E01028959,2012130374949,1,1,3,1,29,6,3,5,3,0,0,0,0,-1,
2015-01-20,201520W012455,407990.0,288890.0,-1.883736,52.497858,20,2,2,1,3,17:45,300,E08000025,3,5127,1,30,1,4,4,4144,0,4,4,3,2,0,0,1,1,E01008910,2012120179177,1,1,1,1,25,5,3,0,0,0,0,0,9,-1,Birmingham
2015-01-20,2015215000487,385407.0,348996.0,-2.219083,53.038037,21,3,2,1,3,13:35,253,E10000028,3,527,6,30,3,4,6,96,0,1,1,1,2,0,0,1,1,E01029584,2012130177252,1,1,1,1,12,3,2,0,0,0,0,0,1,1,
2015-01-20,2015360087392,625713.0,311901.0,1.335951,52.657821,36,3,1,1,3,02:30,401,E10000020,5,256,6,30,3,4,6,0,0,0,4,1,4,0,0,2,1,E01026561,201220K007922,1,1,3,1,30,6,3,6,9,0,0,0,0,1,Broadland
2015-01-20,2015215000476,393208.0,309952.0,-2.101915,52.687214,21,3,9,2,3,12:29,254,E10000028,1,6,3,50,0,-1,-1,0,0,0,1,1,1,4,2,2,1,E01029658,2012130177017,2,1,1,1,27,6,3,0,0,0,0,0,9,1,South Staffordshire
2015-01-20,2015350006415,525430.0,275050.0,-0.159542,52.359165,35,3,1,1,3,19:40,393,E10000003,5,112,6,60,0,-1,-1,0,0,0,6,1,4,0,0,2,1,E01018206,2012170S31632,1,2,2,2,50,8,3,0,0,1,0,0,9,1,Huntingdonshire
2015-01-20,2015215000470,388610.0,350716.0,-2.171377,53.053577,21,3,2,1,3,17:00,257,E06000021,4,5051,6,30,3,4,6,0,0,4,4,1,1,0,0,1,1,E01014268,2012130176406,1,1,1,1,23,5,3,0,0,0,0,0,3,1,Stoke-on-Trent
2015-01-20,201501WW50082,522080.0,175370.0,-0.244005,51.464144,1,3,3,1,3,09:15,10,E09000032,3,306,6,30,0,-1,-1,0,0,0,1,1,1,0,0,1,1,E01004575,201201SX20731,1,1,1,2,36,7,3,0,0,0,0,0,9,1,London
2015-01-20,2015360087380,622106.0,311169.0,1.282222,52.65274,36,3,1,1,3,15:30,404,E10000020,5,808,6,30,3,4,6,0,0,0,1,1,2,0,0,1,1,E01026797,201220K007872,1,1,1,1,61,9,3,0,0,0,0,0,9,1,Norwich
2015-01-20,2015521500692,365305.0,171588.0,-2.500582,51.442214,52,3,1,1,3,09:00,612,E06000025,3,431,6,30,3,4,6,0,0,0,1,1,1,0,0,1,1,E01014935,2012400CA0102,2,3,2,2,23,5,3,0,0,2,0,0,9,1,
2015-01-20,2015540648515,416513.0,132170.0,-1.765605,51.088609,54,3,2,1,3,20:43,635,E06000054,3,338,6,30,3,4,6,0,0,0,6,2,2,0,0,2,1,E01032011,20124100D0634,1,1,1,1,20,4,3,0,0,0,0,0,9,1,
2015-01-20,2015360087373,570513.0,315837.0,0.522802,52.713326,36,2,3,2,3,08:20,407,E10000020,3,47,6,60,0,-1,-1,0,0,0,1,1,2,0,0,2,1,E01026694,201220K007862,2,1,1,1,28,6,3,0,0,0,0,0,9,1,King's Lynn and West Norfolk
2015-01-20,2015215000451,399670.0,311403.0,-2.00632,52.700302,21,3,2,1,3,16:51,250,E10000028,3,460,6,30,3,4,6,0,0,0,4,1,2,0,0,1,1,E01029393,2012130176172,1,2,2,1,22,5,3,0,0,2,0,0,9,-1,Cannock Chase
2015-01-20,2015460252257,564950.0,170810.0,0.370508,51.412319,46,3,3,1,3,19:12,535,E10000016,3,2,3,70,0,-1,-1,0,0,0,1,1,1,0,0,2,1,E01024268,201232N185812,1,1,3,2,32,6,3,6,9,0,0,0,0,1,Gravesham
2015-01-20,201501WW50068,527200.0,171350.0,-0.171784,51.42689,1,3,1,1,3,13:40,10,E09000032,6,0,6,30,0,-1,-1,0,0,1,1,1,1,0,0,1,1,E01004616,201201SX20717,2,1,1,1,47,8,3,0,0,0,0,0,9,-1,London
2015-01-20,2015215000442,388378.0,347924.0,-2.174736,53.028474,21,3,1,1,3,07:05,257,E06000021,4,5047,6,30,3,4,4,5047,0,1,4,1,4,0,0,1,1,E01014287,2012130175868,1,1,3,2,5,1,2,5,1,0,0,0,0,1,Stoke-on-Trent
2015-01-20,2015540649715,386717.0,151178.0,-2.191741,51.259606,54,2,1,1,3,08:30,635,E06000054,5,383,6,30,8,4,6,0,0,4,1,1,4,0,0,1,1,E01032118,20124100D0634,2,2,1,1,59,9,3,0,0,0,0,0,9,1,
2015-01-20,2015460252137,568640.0,134660.0,0.406499,51.086468,46,2,1,1,3,12:58,543,E10000016,3,21,6,60,0,-1,-1,0,0,0,1,1,1,0,0,2,1,E01024805,201232N177912,1,1,1,2,45,7,3,0,0,0,0,0,9,1,Tunbridge Wells
2015-01-20,201543R156015,497964.0,179919.0,-0.589776,51.509718,43,3,1,1,3,10:10,473,E06000039,3,4,2,30,3,2,6,7302,0,5,1,1,1,0,0,1,1,E01016512,2012233562712,1,1,3,1,18,4,2,9,8,0,0,0,0,-1,
2015-01-20,201506M096551,375840.0,386670.0,-2.364623,53.376327,6,3,1,1,3,08:05,112,E08000009,4,5161,6,30,0,-1,-1,0,0,0,1,1,1,0,0,1,1,E01006085,201204CJ12147,1,4,2,2,2,1,3,0,0,2,0,0,9,1,Trafford
2015-01-20,2015540623915,388162.0,156803.0,-2.171221,51.310216,54,3,2,1,3,08:22,635,E06000054,3,350,6,60,0,-1,-1,0,0,0,1,1,1,0,0,2,1,E01032084,20124100D0626,2,1,1,1,39,7,2,0,0,0,0,0,1,1,
2015-01-20,201543R138015,486986.0,171502.0,-0.74999,51.435849,43,3,2,1,3,09:25,470,E06000036,3,3095,6,30,3,4,4,3034,0,0,1,1,4,0,0,2,1,E01016186,2012233511012,2,4,2,1,39,7,3,0,0,1,0,0,9,1,
2015-01-20,201514B006415,433748.0,405544.0,-1.492169,53.545456,14,3,1,1,3,17:05,210,E08000016,5,438,6,30,3,4,6,0,0,0,5,4,2,0,0,1,1,E01007417,2012070170931,1,2,2,2,21,5,3,0,0,1,0,0,9,1,
2015-01-20,2015521500875,357339.0,169597.0,-2.61495,51.423767,52,3,1,1,3,08:00,601,E06000023,6,0,6,30,3,4,6,0,0,1,1,9,1,0,0,1,1,E01014519,2012400CA0172,1,1,1,1,49,8,3,0,0,0,0,0,9,1,Bristol
2015-01-20,201501XH30020,507650.0,184900.0,-0.448736,51.552727,1,3,1,1,3,07:20,26,E09000017,4,466,3,30,8,4,6,0,0,0,4,1,4,0,0,1,1,E01002513,201201TB00499,2,1,1,1,49,8,2,0,0,0,0,0,1,-1,London
2015-01-20,201531B010815,456403.0,381052.0,-1.154686,53.323394,31,3,2,1,3,16:30,341,E10000024,3,57,6,60,1,4,6,0,0,0,4,1,1,0,0,2,2,E01028058,201214B055512,2,4,2,2,74,10,3,0,0,2,0,0,9,1,Bassetlaw
2015-01-20,201543P173015,450047.0,191412.0,-1.278518,51.619314,43,3,2,1,3,13:50,483,E10000025,6,243,6,60,0,-1,-1,0,0,0,1,1,1,0,0,2,2,E01028727,2012231059612,2,2,1,1,31,6,3,0,0,0,0,0,9,1,Vale of White Horse
2015-01-20,2015300011783,453140.0,377410.0,-1.204277,53.290998,30,2,2,1,3,10:00,321,E10000007,3,619,6,50,3,4,4,6043,0,0,1,1,1,0,0,2,1,E01019524,2012130495610,1,1,1,2,21,5,3,0,0,0,0,0,9,1,Bolsover
2015-01-20,2015521500870,360525.0,178185.0,-2.570092,51.501214,52,3,1,2,3,17:04,612,E06000025,6,0,6,30,0,-1,-1,0,0,0,4,2,2,0,0,1,1,E01014909,2012400CA0171,2,3,2,1,17,4,3,0,0,2,0,0,9,1,Bristol
2015-01-20,2015300011787,441900.0,350010.0,-1.376461,53.045721,30,3,2,1,3,12:24,320,E10000007,3,610,6,30,8,4,6,0,0,0,1,1,2,0,2,1,1,E01019420,2012130495760,2,1,1,1,17,4,3,0,0,0,0,0,3,1,Amber Valley
2015-01-20,2015521500865,368414.0,162884.0,-2.455073,51.364136,52,3,2,1,3,08:16,611,E06000022,6,0,6,60,0,-1,-1,0,0,0,1,1,4,0,0,2,1,E01014391,2012400CA0171,2,1,1,1,17,4,3,0,0,0,0,0,9,1,
2015-01-20,2015360087252,652064.0,305929.0,1.720177,52.592653,36,3,2,2,3,13:25,402,E10000020,3,12,1,50,1,4,5,631,0,0,1,8,2,0,0,1,1,E01026633,201220K007452,2,1,2,2,36,7,3,0,0,2,0,0,9,1,
2015-01-20,2015100032915,429738.0,587304.0,-1.534585,55.179143,10,2,2,1,3,11:20,139,E06000048,6,6716,6,30,3,4,6,6523,0,0,1,1,4,0,0,1,1,E01033716,201205AA01528,2,3,2,2,22,5,3,0,0,2,0,0,9,1,