Date,Accident_Index_x,Location_Easting_OSGR,Location_Northing_OSGR,Longitude,Latitude,Police_Force,Accident_Severity,Number_of_Vehicles,Number_of_Casualties,Day_of_Week,Time,Local_Authority_(District),Local_Authority_(Highway),1st_Road_Class,1st_Road_Number,Road_Type,Speed_limit,Junction_Detail,Junction_Control,2nd_Road_Class,2nd_Road_Number,Pedestrian_Crossing-Human_Control,Pedestrian_Crossing-Physical_Facilities,Light_Conditions,Weather_Conditions,Road_Surface_Conditions,Special_Conditions_at_Site,Carriageway_Hazards,Urban_or_Rural_Area,Did_Police_Officer_Attend_Scene_of_Accident,LSOA_of_Accident_Location,Accident_Index_y,Vehicle_Reference,Casualty_Reference,Casualty_Class,Sex_of_Casualty,Age_of_Casualty,Age_Band_of_Casualty,Casualty_Severity,Pedestrian_Location,Pedestrian_Movement,Car_Passenger,Bus_or_Coach_Passenger,Pedestrian_Road_Maintenance_Worker,Casualty_Type,Casualty_Home_Area_Type,city
2015-01-20,201550GA2B001,195280.0,58005.0,-4.881171,50.386209,50,3,1,1,3,08:45,596,E06000052,6,0,6,30,0,-1,-1,0,0,0,1,1,1,0,0,2,2,E01019055,2012370127412,1,1,1,1,55,8,3,0,0,0,0,0,1,-1,
2015-01-20,2015460252166,584560.0,136090.0,0.634292,51.094416,46,3,2,1,3,14:10,530,E10000016,5,105,6,60,6,3,6,0,0,0,1,1,2,0,0,2,1,E01023978,201232N180212,1,1,1,2,43,7,3,0,0,0,0,0,9,2,Ashford
2015-01-20,201522G500291,367670.0,301230.0,-2.47885,52.607881,22,3,1,1,3,08:10,286,E06000051,4,4373,9,30,0,-1,-1,0,0,0,1,1,2,0,0,1,1,E01028841,2012130374532,1,1,1,1,19,4,3,0,0,0,0,0,1,1,
2015-01-20,201543P176015,452839.0,209122.0,-1.235517,51.778279,43,3,2,1,3,09:51,482,E10000025,3,40,3,70,0,-1,-1,0,0,0,1,1,1,0,0,2,1,E01028560,2012231062912,2,3,2,2,81,11,3,0,0,1,0,0,9,1,Oxford
2015-01-20,201501TW60020,515480.0,168690.0,-0.341146,51.40549,1,3,2,1,3,15:35,24,E09000027,3,308,6,30,0,-1,-1,0,0,1,1,1,1,0,0,2,2,E01003823,201201QK50637,1,1,1,2,28,6,3,0,0,0,0,0,2,1,London
2015-01-20,2015300011780,417310.0,346180.0,-1.743448,53.01265,30,3,1,1,3,10:30,329,E10000007,6,0,6,30,0,-1,-1,0,0,0,1,1,2,0,0,2,2,E01019598,2012130495588,2,1,1,1,25,5,3,0,0,0,0,0,1,1,Derbyshire Dales
2015-01-20,2015300011779,439230.0,361010.0,-1.414946,53.144798,30,3,2,2,3,06:25,327,E10000007,3,61,6,50,3,4,4,6014,0,0,4,1,2,0,0,2,1,E01019820,2012130495157,1,1,2,1,71,10,3,0,0,0,1,0,11,1,North East Derbyshire
2015-01-20,201501PY20064,542660.0,171420.0,0.050472,51.423842,1,3,2,1,3,08:45,19,E09000006,5,0,6,30,3,4,6,0,0,0,1,1,4,0,0,1,1,E01000785,201201LX50507,1,1,1,1,23,5,3,0,0,0,0,0,90,1,London
2015-01-20,2015460254563,554240.0,174860.0,0.218394,51.45172,46,3,2,1,3,16:30,532,E10000016,6,3211,6,30,3,4,6,0,0,0,4,1,1,0,0,1,2,E01024148,2012331200578,2,1,1,1,19,4,3,0,0,0,0,0,3,1,Dartford
2015-01-20,201543R144015,497762.0,180443.0,-0.59254,51.514463,43,3,3,1,3,13:00,473,E06000039,4,416,6,30,3,2,6,7302,0,0,1,1,2,0,0,1,2,E01016459,2012233524112,2,1,1,1,22,5,3,0,0,0,0,0,1,1,
2015-01-20,2015300011788,438850.0,345080.0,-1.422544,53.001637,30,3,3,1,3,13:14,320,E10000007,3,609,6,30,0,-1,-1,0,0,0,1,1,2,0,0,2,1,E01019467,2012130495781,1,1,3,2,30,6,3,10,9,0,0,0,0,1,Amber Valley
2015-01-20,201543R155015,495990.0,182254.0,-0.617576,51.531045,43,3,2,1,3,20:01,473,E06000039,3,355,6,30,3,4,6,7302,0,0,1,1,1,0,0,1,2,E01016488,2012233558912,2,1,1,1,64,9,3,0,0,0,0,0,9,3,
2015-01-20,2015540632015,390832.0,166533.0,-2.133169,51.397755,54,3,2,1,3,13:17,635,E06000054,3,350,6,30,0,-1,-1,0,0,0,1,1,1,0,0,2,1,E01032071,20124100D0627,1,3,2,1,17,4,3,0,0,2,0,0,9,2,
2015-01-20,2015360087291,621752.0,311592.0,1.277282,52.656681,36,3,2,1,3,12:09,401,E10000020,3,140,6,30,6,2,3,1042,0,5,1,1,1,0,0,1,1,E01026530,201220K007762,1,1,1,1,19,4,3,0,0,0,0,0,9,1,Broadland
2015-01-20,201550KO2J002,309933.0,95316.0,-3.278074,50.750433,50,3,1,1,3,15:53,580,E10000008,6,0,6,30,0,-1,-1,0,1,0,1,2,2,0,0,2,1,E01019942,2012370419812,2,1,1,1,29,6,3,0,0,0,0,0,5,1,East Devon
2015-01-20,2015460252231,623650.0,139640.0,1.19388,51.112391,46,3,2,1,3,21:30,539,E10000016,3,20,3,70,0,-1,-1,0,0,0,7,8,2,0,0,2,2,E01033214,201232N184212,2,2,1,1,26,6,3,0,0,0,0,0,9,2,
2015-01-20,2015160D00371,508426.0,427935.0,-0.357714,53.736539,16,3,2,1,3,14:45,228,E06000010,6,0,1,30,1,4,6,0,0,1,1,1,2,0,0,1,1,E01012891,2012100300712,1,1,3,1,6,2,3,5,3,0,0,0,0,1,Hull
2015-01-20,2015460252139,554400.0,170510.0,0.2188,51.412592,46,3,2,1,3,09:36,532,E10000016,1,25,3,70,0,-1,-1,0,0,0,1,1,1,0,0,2,1,E01024174,201232N177912,2,2,1,1,50,8,3,0,0,0,0,0,9,2,Dartford
2015-01-20,201543R147015,497077.0,180180.0,-0.602481,51.512217,43,3,2,1,3,20:45,473,E06000039,6,7302,6,30,0,-1,-1,0,0,0,5,1,4,0,0,1,2,E01016465,2012233531412,1,1,1,2,45,7,3,0,0,0,0,0,9,3,
2015-01-20,2015540629015,389452.0,158567.0,-2.152767,51.326103,54,3,2,2,3,10:27,635,E06000054,3,350,6,60,3,4,5,218,0,0,1,1,1,0,0,2,1,E01032084,20124100D0627,1,2,2,1,18,4,3,0,0,2,0,0,9,2,
2015-01-20,201501RG40058,544670.0,174460.0,0.080602,51.450649,1,3,2,1,3,07:20,6,E09000011,3,210,6,30,6,2,4,2214,0,5,1,1,1,0,0,1,1,E01001614,201201PL60554,2,1,1,2,44,7,3,0,0,0,0,0,9,-1,London
2015-01-20,201531D008415,456831.0,351912.0,-1.153435,53.061442,31,3,2,1,3,16:40,343,E10000024,3,60,6,50,0,-1,-1,0,0,0,1,1,1,0,0,2,1,E01028189,201214K068412,1,4,2,2,19,4,3,0,0,2,0,0,9,1,Gedling
2015-01-20,201520W007485,406330.0,285780.0,-1.908246,52.469921,20,3,1,1,3,00:30,300,E08000025,6,0,6,30,0,-1,-1,0,0,0,4,1,1,0,0,1,1,E01033626,2012120172698,2,1,1,1,30,6,3,0,0,0,0,0,1,1,Birmingham
2015-01-20,2015460252229,590490.0,164050.0,0.733719,51.343608,46,3,2,1,3,22:25,540,E10000016,4,2006,6,30,6,2,6,0,0,4,4,1,2,0,0,1,1,E01024561,201232N184212,1,1,1,1,29,6,3,0,0,0,0,0,9,-1,Swale
2015-01-20,201501VW40048,524710.0,170660.0,-0.207823,51.421242,1,3,1,1,3,18:30,22,E09000024,3,219,6,30,3,4,5,0,0,4,4,1,1,0,0,1,2,E01003402,201201SX20237,1,1,1,1,51,8,3,0,0,0,0,0,1,-1,London
2015-01-20,2015460252211,636120.0,166820.0,1.389611,51.351367,46,3,2,1,3,09:15,541,E10000016,6,4113,6,50,1,4,3,256,0,0,1,8,2,0,0,2,2,E01024688,201232N182612,1,1,1,1,20,4,3,0,0,0,0,0,9,-1,Thanet
2015-01-20,2015540624415,394661.0,179552.0,-2.078332,51.514865,54,3,2,1,3,09:23,635,E06000054,1,4,3,70,0,-1,-1,0,0,0,1,1,1,0,0,2,1,E01031939,20124100D0627,1,1,1,1,17,4,3,0,0,0,0,0,9,2,
2015-01-20,2015300011793,441560.0,355650.0,-1.380805,53.096443,30,3,1,1,3,16:15,320,E10000007,6,0,6,30,3,4,4,600,0,0,1,1,1,0,0,1,1,E01019404,2012130495999,1,1,1,1,28,6,3,0,0,0,0,0,19,1,Amber Valley
2015-01-20,201506F096430,373330.0,402420.0,-2.403692,53.517771,6,3,2,1,3,17:43,107,E08000006,4,5232,1,30,2,4,5,0,0,0,4,1,2,0,0,1,1,E01005713,201204BA12065,2,1,1,2,45,7,3,0,0,0,0,0,9,-1,Salford
2015-01-20,2015300011791,435090.0,373610.0,-1.475457,53.25834,30,3,1,1,3,15:15,327,E10000007,4,6050,6,30,0,-1,-1,0,0,0,1,1,1,0,0,1,1,E01019771,2012130495876,2,1,1,1,57,9,2,0,0,0,0,0,4,1,North East Derbyshire
2015-01-20,201501BS70029,525510.0,178130.0,-0.193675,51.488199,1,3,2,1,3,15:15,12,E09000020,3,3218,6,30,3,4,6,0,0,0,1,1,1,0,0,1,2,E01002894,201197ND01407,2,1,1,1,45,7,3,0,0,0,0,0,21,1,London
2015-01-20,2015331500078,458700.0,301720.0,-1.134561,52.610095,33,3,2,1,3,14:38,364,E06000016,5,1606,6,30,8,4,6,6,0,0,1,1,1,0,0,1,1,E01013690,2012160C00251,2,2,2,2,71,10,3,0,0,1,0,0,9,1,Leicester
2015-01-20,2015331500119,459508.0,304911.0,-1.122057,52.638691,33,3,1,1,3,14:40,364,E06000016,6,2619,6,30,3,4,6,834,0,0,1,1,1,0,0,1,1,E01013746,2012160C00541,1,1,3,2,31,6,3,9,5,0,0,0,0,1,Leicester
2015-01-20,201534WS01505,475955.0,251959.0,-0.891051,52.160689,34,3,2,1,3,19:05,385,E10000021,6,4130,6,30,0,-1,-1,0,0,0,4,1,2,0,0,2,1,E01032985,2012170S12552,1,4,2,1,35,6,3,0,0,1,0,0,9,1,
2015-01-20,201501QA10019,515770.0,187850.0,-0.330701,51.577635,1,3,2,1,3,19:25,29,E09000015,3,404,6,30,0,-1,-1,0,0,0,4,2,2,0,0,1,1,E01002137,201201MM70243,1,1,1,1,32,6,3,0,0,0,0,0,11,1,London
2015-01-20,201501KD50052,556630.0,188980.0,0.25903,51.577925,1,3,5,1,3,10:40,15,E09000016,3,127,3,50,0,-1,-1,0,0,0,1,1,1,0,0,2,1,E01002259,201201HT20154,1,1,1,1,51,8,3,0,0,0,0,0,1,1,London
2015-01-20,201534WN02975,475364.0,260640.0,-0.897761,52.238801,34,3,1,1,3,19:30,384,E10000021,6,8031,6,20,6,2,6,8031,0,5,4,2,2,0,0,1,2,E01032979,2012170M12372,1,1,1,1,22,5,3,0,0,0,0,0,3,1,
2015-01-20,2015621500182,275314.0,192055.0,-3.802185,51.613474,62,3,1,1,3,16:05,743,W06000012,3,48,6,30,0,-1,-1,0,0,0,1,1,1,0,0,1,1,W01000889,201242I264804,2,1,2,1,11,3,3,0,0,0,3,0,11,1,
2015-01-20,2015460252385,630450.0,141220.0,1.291871,51.123883,46,3,2,1,3,18:25,533,E10000016,6,3309,3,30,3,4,6,0,0,0,4,1,2,0,0,1,1,E01024216,201232N198412,2,2,2,1,8,2,3,0,0,2,0,0,9,1,
2015-01-20,2015100048015,427910.0,565135.0,-1.565452,54.980043,10,3,3,2,3,17:05,147,E08000021,3,187,6,30,3,4,6,1159,0,0,4,1,2,0,0,1,1,E01008391,201205AA01989,1,1,3,2,47,8,3,5,1,0,0,0,0,-1,Newcastle upon Tyne
2015-01-20,201550JC2A001,285331.0,80448.0,-3.62206,50.61244,50,2,1,1,3,16:50,585,E10000008,4,3193,6,60,0,-1,-1,0,0,0,6,1,2,7,0,2,1,E01020223,2012370219312,1,1,1,2,36,7,3,0,0,0,0,0,9,1,Teignbridge
2015-01-20,201520Z000395,399050.0,299760.0,-2.015458,52.595634,20,3,2,1,3,19:00,307,E08000030,1,6,3,70,0,-1,-1,0,0,0,4,2,2,0,0,2,1,E01010266,2012130009142,1,1,3,2,71,10,2,5,1,0,0,0,0,1,
2015-01-20,201520K003315,403510.0,293940.0,-1.949675,52.543304,20,3,1,1,3,18:30,305,E08000028,6,0,6,30,8,4,3,4041,0,0,4,3,3,0,0,1,2,E01010014,201211SJ02282,2,1,1,1,45,7,3,0,0,0,0,0,9,3,Sandwell
2015-01-20,201506L096437,361930.0,402160.0,-2.575581,53.51473,6,2,1,1,3,17:00,114,E08000010,4,5237,6,30,0,-1,-1,0,0,0,4,1,2,0,0,2,1,E01006329,201204CA12218,1,1,3,1,27,6,3,9,9,0,0,0,0,1,
2015-01-20,2015521500492,360969.0,173363.0,-2.563162,51.45789,52,2,2,1,3,17:10,601,E06000023,3,420,6,20,6,4,6,0,0,5,4,1,1,0,0,1,2,E01014567,2012400CA0046,2,3,2,1,22,5,3,0,0,2,0,0,9,-1,Bristol
2015-01-20,201501YE80068,534480.0,200020.0,-0.05618,51.682847,1,3,5,2,3,13:00,32,E09000010,1,25,3,70,0,-1,-1,0,0,0,1,1,1,0,0,2,1,E01001412,201201TB01247,1,1,3,2,16,4,2,5,1,0,0,2,0,1,London
2015-01-20,201520W011935,404290.0,290690.0,-1.938215,52.514081,20,3,2,4,3,18:20,300,E08000025,3,4040,6,30,3,4,6,0,0,0,4,2,2,0,0,1,2,E01009266,2012120178501,2,1,1,1,50,8,2,0,0,0,0,0,5,3,Birmingham
2015-01-20,201514K015615,433580.0,387356.0,-1.496641,53.381991,14,3,2,1,3,08:59,215,E08000019,6,0,6,20,8,4,6,0,0,0,1,1,1,0,0,1,1,E01008067,2012070293257,2,1,1,1,43,7,3,0,0,0,0,0,9,1,Sheffield
2015-01-20,201550JI2C002,260603.0,56008.0,-3.962232,50.387391,50,3,1,1,3,07:10,584,E10000008,6,0,6,30,0,-1,-1,0,0,0,4,1,2,0,0,2,2,E01020159,2012370260812,2,1,1,2,28,6,3,0,0,0,0,0,9,1,South Hams
2015-01-20,201506L096536,363290.0,403400.0,-2.555219,53.525972,6,3,2,3,3,19:00,114,E08000010,3,577,6,30,3,4,6,0,0,0,4,8,2,0,0,1,1,E01006280,201204CA12220,2,2,1,1,75,10,3,0,0,0,0,0,9,2,
2015-01-20,201501KD50046,551300.0,181740.0,0.17906,51.514329,1,3,1,1,3,08:55,15,E09000016,3,13,3,70,0,-1,-1,0,0,0,1,1,2,0,0,1,1,E01002344,201201HT20150,2,2,2,2,30,6,3,0,0,1,0,0,9,-1,London
2015-01-20,20154100F0083,517740.0,213900.0,-0.293502,51.811343,41,3,1,1,3,18:34,434,E10000015,5,94,6,30,0,-1,-1,0,0,1,4,1,2,0,0,2,1,E01023747,2012212002094,2,1,1,1,33,6,3,0,0,0,0,0,9,1,St Albans
2015-01-20,201550AH2T001,163616.0,35668.0,-5.31189,50.173785,50,3,2,1,3,06:40,596,E06000052,4,3303,6,30,6,3,4,3280,0,0,4,1,2,0,0,2,2,E01018863,2012360065754,2,2,1,1,22,5,3,0,0,0,0,0,19,1,
2015-01-20,201520Z000165,403840.0,294750.0,-1.9448,52.550583,20,3,2,1,3,09:40,305,E08000028,1,6,3,70,5,4,1,5,0,0,1,1,1,0,0,2,1,E01009968,2012130008432,2,6,2,2,32,6,3,0,0,2,0,0,9,1,Sandwell
2015-01-20,201501KF60072,538300.0,183810.0,-0.007349,51.536259,1,3,2,1,3,09:05,17,E09000025,5,0,6,30,0,-1,-1,0,0,0,1,1,1,0,0,1,2,E01033578,201201HT20753,1,1,1,1,42,7,3,0,0,0,0,0,3,1,London
2015-01-20,201501SX20092,525730.0,190310.0,-0.186161,51.597611,1,3,2,1,3,18:50,30,E09000003,6,0,6,30,6,4,6,0,0,0,4,8,2,0,0,1,1,E01000197,201201QA10012,1,1,3,2,23,5,3,9,9,0,0,2,0,1,London
2015-01-20,201514A009415,452946.0,407945.0,-1.202065,53.565455,14,3,2,1,3,13:30,211,E08000017,6,0,6,20,3,4,6,0,0,0,1,9,1,0,0,1,1,E01007466,2012070098390,3,2,1,2,62,9,3,0,0,0,0,0,9,3,Doncaster
2015-01-20,2015100027415,432596.0,568540.0,-1.491852,55.010356,10,3,2,1,3,17:55,148,E08000022,3,1058,3,70,0,-1,-1,0,0,0,4,1,1,0,0,1,1,E01008481,201205AA01339,1,1,3,1,14,3,3,5,4,0,0,0,0,1,North Tyneside
2015-01-20,201501CW10042,527090.0,183640.0,-0.168946,51.537364,1,3,2,1,3,22:30,1,E09000033,5,0,6,30,3,4,6,0,0,0,4,1,2,0,0,1,1,E01004647,201197QD01602,1,1,1,1,58,9,3,0,0,0,0,0,9,1,City of Westminster
2015-01-20,201501CW10041,529400.0,181020.0,-0.13662,51.513295,1,3,1,1,3,18:53,1,E09000033,5,0,2,30,3,4,6,0,0,0,4,1,1,0,0,1,1,E01033596,201197QD01507,4,1,2,2,29,6,3,0,0,1,0,0,9,1,City of Westminster
2015-01-20,201501CW10040,529720.0,180340.0,-0.132261,51.507111,1,3,2,1,3,11:14,1,E09000033,5,0,6,30,3,4,3,4,0,1,1,1,1,0,0,1,1,E01004736,201197QD01507,3,2,1,1,21,5,3,0,0,0,0,0,9,1,City of Westminster
2015-01-20,201514A008915,461056.0,393144.0,-1.082508,53.431555,14,3,2,1,3,09:22,211,E08000017,3,631,6,40,3,4,4,6463,0,0,1,1,2,0,0,2,1,E01007614,2012070098390,2,1,1,1,32,6,3,0,0,0,0,0,9,1,Doncaster
2015-01-20,2015520501002,377959.0,147758.0,-2.317037,51.228581,52,3,2,1,3,09:00,606,E10000027,3,362,1,30,1,4,6,0,0,0,1,1,1,0,0,1,1,E01029036,2012370468512,2,1,1,1,68,10,3,0,0,0,0,0,9,3,Mendip
2015-01-20,2015100026915,423985.0,564147.0,-1.626859,54.971368,10,3,2,1,3,16:10,147,E08000021,3,186,6,30,3,4,6,1064,0,0,1,1,2,0,0,1,1,E01033554,201205AA01333,2,1,1,2,55,8,3,0,0,0,0,0,9,1,Newcastle upon Tyne
2015-01-20,2015360087501,591109.0,318850.0,0.82907,52.733505,36,3,2,1,3,15:15,400,E10000020,5,221,6,60,0,-1,-1,0,0,0,1,1,2,0,0,2,1,E01026462,201220K008662,2,1,1,1,28,6,3,0,0,0,0,0,9,1,Breckland
2015-01-20,201543P171015,458088.0,222595.0,-1.157185,51.898882,43,3,2,1,3,13:05,481,E10000025,6,129,6,30,3,4,6,0,0,0,1,1,1,0,0,1,2,E01028468,2012231056012,1,1,1,2,18,4,3,0,0,0,0,0,9,3,Cherwell
2015-01-20,2015100032715,420076.0,562928.0,-1.688005,54.960586,10,3,2,1,3,21:30,146,E08000020,3,694,3,30,0,-1,-1,0,0,8,4,1,1,0,2,2,2,E01008181,201205AA01528,1,1,1,1,40,7,3,0,0,0,0,0,9,1,Gateshead
2015-01-20,201543W139015,483095.0,168804.0,-0.806585,51.412178,43,2,4,1,3,17:39,475,E06000041,3,329,6,30,0,-1,-1,0,0,0,4,1,2,0,0,1,1,E01032763,201230C001066,2,1,1,1,12,3,3,0,0,0,0,0,1,1,
2015-01-20,201501KF60065,538750.0,184180.0,-0.000719,51.539474,1,3,2,1,3,14:06,17,E09000025,3,11,3,30,3,2,3,11,0,5,1,1,1,0,0,1,1,E01033583,201201HT20750,2,4,2,1,29,6,3,0,0,2,0,0,9,1,London
2015-01-20,201542I069501,582404.0,214879.0,0.644124,51.802797,42,3,1,1,3,17:31,451,E10000012,4,1389,6,30,0,-1,-1,0,0,0,1,1,1,0,0,1,1,E01021416,2012212006312,2,1,1,2,37,7,2,0,0,0,0,0,9,2,
2015-01-20,2015460252491,547400.0,156190.0,0.112293,51.28578,46,3,2,1,3,14:02,538,E10000016,1,25,3,70,0,-1,-1,0,0,0,1,1,1,0,0,2,1,E01024417,201232N210812,2,1,1,2,17,4,3,0,0,0,0,0,9,3,Sevenoaks
2015-01-20,20154100D0039,506000.0,216730.0,-0.462863,51.839126,41,3,2,1,3,18:09,431,E10000015,3,5,6,50,3,2,4,4540,0,0,4,1,2,0,0,2,1,E01023432,2012212001429,2,3,2,1,16,4,3,0,0,2,0,0,9,1,Dacorum
2015-01-20,201531C012215,459516.0,339473.0,-1.115662,52.949347,31,3,2,2,3,07:06,346,E06000018,3,612,1,40,1,4,6,0,0,0,1,1,2,2,0,1,1,E01013920,201214C040312,2,1,1,2,44,7,3,0,0,0,0,0,9,1,City of Nottingham
2015-01-20,201531B006515,463313.0,379708.0,-1.051229,53.310535,31,3,2,1,3,15:45,341,E10000024,4,6079,6,50,3,4,6,0,0,0,1,1,2,0,0,2,1,E01028043,201214B054312,1,6,2,1,21,5,3,0,0,2,0,0,9,1,Bassetlaw
2015-01-20,2015100034815,417935.0,575571.0,-1.720653,55.074278,10,3,1,1,3,18:50,139,E06000048,5,356,6,60,0,-1,-1,0,0,0,6,1,2,0,0,2,1,E01027465,201205AA01558,2,1,1,1,30,6,3,0,0,0,0,0,1,1,Newcastle upon Tyne
2015-01-20,201520W011655,408810.0,286320.0,-1.871725,52.474742,20,3,2,1,3,16:30,300,E08000025,6,0,6,30,3,4,6,0,0,0,1,1,2,0,0,1,1,E01009200,2012120177994,1,1,1,1,20,4,3,0,0,0,0,0,5,1,Birmingham
2015-01-20,201550FT2F004,292403.0,63685.0,-3.517301,50.463093,50,3,2,1,3,12:40,587,E06000027,3,379,6,30,3,4,6,0,0,0,1,2,2,0,0,1,1,E01015267,2012370104712,1,1,1,1,19,4,3,0,0,0,0,0,9,1,
2015-01-20,201506L096696,357610.0,400790.0,-2.640538,53.502085,6,2,1,1,3,13:51,114,E08000010,6,0,6,30,0,-1,-1,0,0,0,1,1,2,0,0,1,1,E01006268,201204CA12222,1,1,1,2,17,4,3,0,0,0,0,0,2,2,
2015-01-20,2015331500121,461826.0,303651.0,-1.088043,52.627106,33,3,3,1,3,17:45,364,E06000016,3,6030,6,30,3,4,6,2034,0,0,4,1,1,0,0,1,1,E01013668,2012160C00561,1,1,2,2,56,9,3,0,0,2,0,0,8,2,Leicester
2015-01-20,201543P169015,451664.0,206918.0,-1.252874,51.758574,43,3,2,1,3,07:17,482,E10000025,6,320,6,20,3,4,6,0,0,0,4,1,1,0,0,1,1,E01028521,2012231051612,1,2,2,1,18,4,3,0,0,1,0,0,9,1,Oxford
2015-01-20,201550AC3J003,170553.0,43626.0,-5.219713,50.24797,50,3,2,1,3,13:09,596,E06000052,3,3047,6,40,3,4,6,0,0,0,1,2,2,0,0,2,1,E01018908,2012360065605,1,1,3,1,50,8,3,6,9,0,0,0,0,2,
2015-01-20,2015360087438,620008.0,311956.0,1.251784,52.660658,36,2,1,1,3,13:00,401,E10000020,3,1067,6,30,0,-1,-1,0,0,0,1,1,1,0,0,1,1,E01026529,201220K008252,2,2,2,1,12,3,3,0,0,2,0,0,9,1,Broadland
2015-01-20,201550JK2W001,270481.0,44284.0,-3.819326,50.284268,50,3,2,3,3,18:07,584,E10000008,6,0,6,60,6,3,6,0,0,0,6,1,2,0,0,2,1,E01020179,2012370278312,2,10,2,1,15,3,3,0,0,0,4,0,11,1,South Hams
2015-01-20,20154100D0026,508885.0,217029.0,-0.420912,51.841258,41,3,4,2,3,18:43,431,E10000015,1,1,3,70,0,-1,-1,0,0,0,4,1,2,0,0,2,1,E01023430,2012212001424,1,1,1,2,33,6,3,0,0,0,0,0,9,-1,Dacorum
2015-01-20,2015215000501,388184.0,293619.0,-2.175649,52.540298,21,3,2,1,3,14:50,254,E10000028,3,463,6,60,1,4,3,449,0,0,1,1,1,0,0,2,2,E01029671,2012130177938,2,1,2,2,41,7,3,0,0,1,0,0,9,1,South Staffordshire
2015-01-20,2015215000522,392441.0,322781.0,-2.113562,52.80253,21,3,1,1,3,14:45,255,E10000028,3,34,1,30,1,2,3,449,0,5,1,1,1,0,0,1,1,E01029701,2012130178552,1,2,2,2,36,7,3,0,0,0,4,0,11,1,Stafford
2015-01-20,20154100B0036,522750.0,210360.0,-0.222117,51.778454,41,3,2,3,3,12:40,438,E10000015,3,414,1,60,1,4,2,1,0,0,1,9,1,0,0,2,2,E01033311,2012212000272,2,2,1,1,58,9,3,0,0,0,0,0,9,1,Welwyn Hatfield
2015-01-20,2015100029315,423819.0,580610.0,-1.628084,55.119311,10,3,1,1,3,12:20,139,E06000048,3,192,6,60,0,-1,-1,0,0,0,1,1,4,0,0,2,1,E01027521,201205AA01369,1,1,3,2,44,7,2,5,3,0,0,0,0,1,
2015-01-20,201520N004585,410880.0,292610.0,-1.841046,52.531251,20,2,1,1,3,19:17,300,E08000025,4,4142,6,30,3,4,6,0,0,0,4,3,2,0,0,1,1,E01009006,2012120054827,1,1,1,2,21,5,3,0,0,0,0,0,9,2,Birmingham
2015-01-20,201543P152015,453480.0,205183.0,-1.226832,51.742805,43,3,2,1,3,19:20,482,E10000025,4,480,6,30,3,4,6,0,0,0,4,8,2,0,0,1,2,E01028532,2012231027812,1,1,1,2,25,5,3,0,0,0,0,0,9,1,Oxford
2015-01-20,2015521501437,355173.0,176332.0,-2.646955,51.484153,52,3,2,1,3,20:41,601,E06000023,6,0,6,20,6,4,6,0,0,0,4,2,2,0,0,1,1,E01014643,2012400CA0384,2,1,1,1,26,6,3,0,0,0,0,0,3,2,Bristol
2015-01-20,20154100D0123,501400.0,213320.0,-0.530604,51.80933,41,2,2,1,3,15:10,431,E10000015,3,4146,6,60,6,4,5,151,0,0,1,9,1,0,0,2,2,E01023356,2012212001469,1,1,2,1,28,6,3,0,0,1,0,0,9,1,
2015-01-20,201520H001715,404640.0,303120.0,-1.932888,52.625822,20,3,2,1,3,07:49,307,E08000030,3,461,6,30,3,4,6,0,0,0,1,1,2,0,0,1,1,E01010249,201211NG00442,1,5,2,2,9,2,3,0,0,2,0,0,9,1,
2015-01-20,2015540656115,416583.0,184606.0,-1.762182,51.560094,54,3,2,3,3,15:35,633,E06000030,6,0,6,30,0,-1,-1,0,0,0,1,1,1,0,0,1,2,E01015573,20124100D0635,2,2,1,1,29,6,3,0,0,0,0,0,9,3,
2015-01-20,2015540666215,386552.0,151064.0,-2.194101,51.258577,54,3,2,1,3,08:58,635,E06000054,6,0,6,30,0,-1,-1,0,0,0,1,1,1,0,0,1,2,E01032117,20124100D0638,2,1,1,1,48,8,2,0,0,0,0,0,1,1,
2015-01-20,2015215000494,407685.0,334666.0,-1.887175,52.909371,21,3,2,1,3,18:45,251,E10000028,3,522,6,40,3,4,6,594,0,0,4,3,2,0,0,1,1,E01029430,2012130177760,1,1,1,1,26,6,3,0,0,0,0,0,9,1,East Staffordshire
2015-01-20,2015215000495,393069.0,342165.0,-2.104667,52.976788,21,2,2,1,3,17:45,257,E06000021,3,520,6,30,0,-1,-1,0,0,8,4,3,2,0,0,1,1,E01014316,2012130177760,1,2,2,1,5,1,3,0,0,1,0,0,9,1,Stoke-on-Trent